type,review,star,date,site,score
오뚜기 진라면,진라면 먹어본 후 이젠 신라면은 안녕~ 했어요.. 진라면이 훨 싸고 맛도 더~ 좋은데 몇~ 십년 동안 습관적으로 신라면만 먹었네요.. 그냥 어릴때 부터 쭉~ 집에서 신라면만 먹어서 독립해서도 신라면만 샀는데..어느날 우연히 이마트 라면섹션에서 신라면과 진라면 가격을 보고 1000원 이상 가격차이가 나는것을 보고 너무 큰 충격을 받았네요. 진라면 가격이 1000원 이상 신라면보다 싼게 너무나 궁금하고 또 그때가 한창 오뚜기가 어떤이유로(벌써 몇년 전이라 이유는 생각이 안 나네요) 착한회사로 재조명 될때라 오뚜기 회사를 믿고 몇십년동안 먹어오던 라면브랜드를 신라면에서 진라면으로 바꾸는 계기가 되었네요. 그러나 진라면을 집어들고도 몇번인가 들었다 놨다를 반복하고.. 카트에 넣고도.. 여기저기 계속 쇼핑을 하다가도 다시 라면섹션으로 가서 신라면으로 바꿨다가를 반복했어요. 그렇게 몇번하다가 그냥 지쳐서 걍~~돈버리는 셈치고 진라면을 내평생 처음 사보았어요. 내나이가 50대 중반을 넘었으니 얼마나 오랜 세월을 그동안~ 그냥라면가격도 보지않고 비교도 해볼 생각도 않고 충성된 고객으로 신라면만 먹어온 것입니다. 그런 우여곡절을 거쳐서 처음 진라면을 끊이는데 특이점은 오래동안 끊인것과(이젠 요령이 생겨 내눈에 덜익혀 보여도 불을 끄고 먹기 시작하면 딱 좋은 꼬들함이 유지된다) 스프에 있는 고추가루가 입자가 커서 눈에 더 얼큰해보여서 . 이젠 항상 늘 진라면만 삽니다. 진라면을 계기로 많은 변화가 생겼어요.. 이젠 그냥 습관적으로 먹던 것을 사는게 아니라 가격도 비교하고 후기도 읽고 상품을 사게 되요. 신라면에서 진라면으로 처음 한번 사는게요.. 생각해보니 가격이 겨우 천원정도 차이나는 서민음식이다보니 것 먹겠다는 생각이었던 것 같아요. 비싸다고 최고의 품질이 아닌데도~ 비싸면 뭐가 달라도 다를 것이라고 생각했었지요. 진라면은 안 먹어본 사람은 많을것이나 한번 먹어본 사람은 없을것입니다. 저같이 50평생 신라면만 먹었던 분들께 꼭 제얘길 해드리고 싶었어요. 더 ?있고 더 싼 진라면♡은 사랑입니다~~~,평점5,200501,SSG닷컴,4.0
오뚜기 진라면,"이번에 사정상 자주 라면을 먹게 되어 2박스를 구매하게 되었는데 안그래도 힘든 코로나 시국에 물가가 점점 올라가서 그나마 저렴한 라면을 더 저렴하게 맛있게 먹을 수 있는 나만의 라면 조리법을 알려줄까 합니다.
일단 기본은 물을 550ml(믹서기용기-계량컵대용) 담고 면만 넣고 집게로 뒤적거리며 풀어헤치면 1분30초 더 끓인면 1차 완성
첫번째로 비빔면을 싫어하는 사람은 없을 것입니다. 1차 완성된 면만 따로 담고 오이를 채썰고 김치 채썰고 계란지단을 채썰고(만일 힘들다면 포기) 고추장 반숟, 올리고당반숟, 식초 약간, 참기름 약간 넣고 섞는데 만일 넘 뻑뻑하다면 물을 조금 넣고 하면 걸쭉한 양념장넣고 채썰은 것들을 고명으로 올리고 가루김을 뿌리면 비빔면 완성으로 드시면 됩니다.
두번째로 시중에 파는 떡국용 떡을 물에 30분에 담가 불린후 후라이팬에 올리브유나 카날리유두른후 떡을 볶다가 고추장1숟가락과 올리고당1숟가락,물을 1컵 정도(180ml)정도 넣고 역시 1차 완성된 면만 따로 꺼내어 어묵을 넣고 끓인후 파를 채썰어 넣고 1분만 더 끓이면 라볶이 완성 맛나게 드시면 됩니다.
그럼 면만 꺼내고 남은 1차 완성된 국물의 처리는 버릴 것인가? 절대 아닙니다. 용기에 담아 냉장실에 보관(3일내 드세용)해뒀다가 오뚜기 사리면을 구매해서 기존 사용하지 않은 진라면 스프를 적극 활용하여 라면을 끓어 드시면 알뜰한 라면 조리법이 되겠습니다.",평점5,210428,키위마켓,3.3333333333333335
오뚜기 진라면,"저는 개인적으로 사명은 밝힐수 없지만 신라면을 만드는 기업에 썩 좋은 이미지는 없습니다.
신라면 제조기업과 뿌리를 같이 하고 있는 우리나라 초거대기업 중 한곳도 별로 안 좋아하고요.
그리고 진라면을 만드는 기업에는 나름 좋은 이미지가 있습니다.그래서 사먹습니다.

그런데 역시 뭐니뭐니해도 맛이 제일 중요하겠죠 소비자 입장에서는

자, 맛은 일단 인이 박힌 신라면이 아주 조금 위라고 하고 싶습니다. 맛이라는건 주관적이기 때문에 조심스럽긴 하지만 한국인이 가장 라면의 스탠다드라고 생각하는 맛은 신라면이고 튜닝의 끝은 순정이라고 할때 그 순정에 해당되는 게 아마 신라면일 겁니다. 특히 2000년대를 지나오면서 패러다임은 완전 신라면으로 굳어졌죠.

그런데 제가 어릴적이었던 90년대는 말이죠 신라면이 그렇게 부상하지 못했고 진라면이 마켓쉐어가 꽤 높았습니다.
아무래도 신라면이 좀 더 강렬하다보니 진에서 신으로 올때는 편했으나 신에서 진으로 돌아가기가 쉽지가 않네요. (진매 기준, 저는 진순이는 취급 안하기때매)

솔직히 말씀드리면 진매를 한 1년째 꾸준히 먹고있는데 엊그제 캠핑갔다가 누가 라면을 끓여줬는데 신라면이라고 하더라구요... 1년 진짜 신라면이 강력하긴 하더라구요.

이렇게 결론 없이 오픈엔딩으로 리뷰를 마치려고 합니다.",평점5,200503,SSG닷컴,3.8
오뚜기 진라면,"이번특별행사에 온라인에서 제일 저렴한 가격에다가 후레이크가 크고 풍부해서 다시 재구매하게된 플러스진라면이다. 라면끓일때 몇가지 나만의 팁있다면 1) 550ml의 물의양 맞추기-믹스기용기에 물을 담자; 용기보면 눈금표있으니 적극활용할 것 2) 소득도 없는데 3끼 라면?-만두넣고 만두라면, 김치넣고 김치라면 어묵넣고 어묵라면, 떡넣고 떡라면, 건새우넣고 새우라면, 조개넣고 조개라면, 골뱅이넣고 골뱅이라면, 참치통조림넣고 참치라면, 연어통조림넣고 연어라면, 황태넣고 황태라면, 오징어다리 썰어넣고 오징어라면, 소세지넣고 소세지라면... 넣는데 두려워말고 일단 때려 넣고 보자 맛없으면 된장이나 쌈장넣으면 살릴수 있으니 걱정마시라 단 내장같은 쓴맛나는 재료만 절대금물 3) 찬밥이 필요할 때? 라면에 찬밥인데 보온밥뿐이다? 조리전 접시에 밥을 얇게 고르게 펴담고 냉동실에 넣고 라면조리한 후 면먹고 밥말아 먹을때 냉동실에 식힌 접시담긴 찬밥을 꺼내 말아먹으면 됨 4) 쫄깃한 면발 원해? 물을 팔팔 끓이면 냉동실에 있는 얼음두덩이, 만일 없으면 약간의 찬물 넣고 면넣고 집게로 면을 들어 공기흡입하기! 면이 풀어지면 2분간 더 끓이면 쫄깃한라면 완성 5) 야식라면먹고 자고나니깐 거울속에 있는 내얼굴?(통통 부은데다 푸싹 삭힌 내얼굴) 보며 ""누구냐 넌?"" 자기전 꼭 우유 한 두잔 마시면 붓기는사라져요 나만의 팁 끝? 더 있는데 이건 비법이라서 비밀 ㅋ 그럼 맛난 라면 많이 많이 드세용!!!",평점5,210309,키위마켓,3.375
오뚜기 진라면,"매꼼하니 맛나네여 기름이 있다고 해서 걱정했는데 아니네요 담백하니 맛나요 매콤하고 청양고추 안넣어도 칼칼하니 맛났어요 면에는 기름이 조금 많아요 그래서 한번 뜨거운 물에 데쳐서 다시 끊이는 식으로 라면을 끊여요 그러니까 기름도 많이 안 뜨고 좋네요 전 대게 라면 끊여 먹었어요 평상시 신라면 먹은데 맛있다고 해서 주문했는데 확실히 비교해보면 더 깨끗한 맛이 있네여 신라면보다 몬가 느낌이 더 깨끗한 맛이예요 농심라면 좋아했는데 이건 오뚜기라면인데도 추천해요 한번 시도 해보세요 괜찮으실꺼예요
5봉지에 라면 스프와 건더기 들어있는데 건더기에 고추가 많이 둘어있어 칼칼한맛이 도네요. 스프는 신라면보다 좀 연한 국물맛이예요 몬가 오일리한 재료들이 안들어간맛이라고 해여하나 어찌보면 맛이 깊지 않다고 싫어할수도 있겠지만 웬지 더 건강한 맛이라고 할 수 있네요 맛있다고 하네요 매운거 잘 못먹는데 요 담에는 계란 하나 터트려서 먹을려구요면 삶을때 절대 오래 삶으면 안되는 면이예요 설익었다 생각되었을때 빼서 불기 전에 빨리 드세요 냄비에서. 덜어 드시는게 좀 덜 부는 방법잉네여
그럼",평점5,210104,SSG닷컴,3.4285714285714284
오뚜기 진라면,"원래 오뚜기 라면은 거의 먹지 않았었는데 세금들어서 YouTube 같은 거 보고 사람들이 맛있다고 하길래 한 번 구입해 봤어요 가끔 아주 가끔 사먹긴 했는데 이렇게 봉지로 산 건 처음이에요 일단은 매운맛을 샀는데 제 입맛에는 하나도 안 매웠구요 조금 간간하다고 해야 하나 제가 오뚜기 라면 자체를 안 좋아하는 이유가 그렇게 매콤한 맛이 안 나는데 짠맛은 강해서 싫어했거든요 다른 라면 들에 비해 스프 맛이 강하지 않지만 그렇다고 더 맛있단 뜻은 아니구요 그냥 짠맛이 강해서 별로 에요 저는 원래 싸게 먹는 편인데 물 양도 똑같이 해도 그냥 다른 라면 들에 비해서 면이랑 면이랑 같이 먹어도 그냥 짜다라는 말밖에는 생각이 안 들더라구요
그리고 요 저는 보통 라면에 이것저것 많이 넣어 먹는 사람인데 그러면 이라면 정체성이 완전히 사라지고 맛이 없더라구요는 하겠는데 앞으로는 주문하지 않을 거 같아요 가격도 세일할 때가 있기는 한데 저는 좀 별로네요
다른 분들은 맛있다고 하시니까 아무래도 라면은 개인 취향이 많이 갈리는 거 같네요",평점5,211005,SSG닷컴,3.0
오뚜기 진라면,"시중에 라면이 너무 많아서 가끔 마트에서 장볼때 시식코너가 있으면 열심히 달려가 먹어보곤 합니다만.
제 입에는 진라면 매운맛이 가장 담백하고 깜끔하면서도 뒷맛이 칼칼해서 맛있는것 같은데요.
진라면의 평가는 이상하게도 상당히 호불호가 제각각인것 같습니다.
담백하고 깔끔한 맛이 심심하다고 느껴지는지 맛이없는 라면이라고 하는 사람들이 꽤 있는것 같더군요.
뭔가 양념이 더 들어가고 고소한 기름을 추가해주고, 그런것들이 다 부담스럽고 느끼하게 생각되는 제입맛에는
. 순한.
자주 먹는것은 아니지만 늘 있어야 하는 라면이라
마음도 편안합니다. 그리고 박스를 옆으로 개봉하게 되있어서 선반에 눕혀 보관하고 꺼내기도 편리합니다.
티비에 보니 백종원씨가 딱 제마음같이 광고를 하더군요.
진라면은 진리고 어디나 잘 어울린다구요.
네 맞습니다. 진라면에 떡을 넣어도 치즈를 넣어도 대파만 듬? 썰어넣어도.
.",평점5,210301,SSG닷컴,4.2
오뚜기 진라면,"오뚜기 진라면은 정말이지 갓뚜기라 칭하게 하는 라면이라고 생각합니다. 2020 우주의 원더키디를 보며 자라온 세대로서 느끼는 바로는, 절대로 오지 않을 것만 같다고 느낀 2020년이 왔음에도 오뚜기 진라면은 이 가격이라니 놀랄 만한 가격입니다. (뿌X뿌X도 못 먹는 가격이죠? 맞나요?)

가격만 보고 맛이 없을 거란 생각을 해버린다면 오산입니다. 긴 시간동안 노옹시임을 불매하고 있는 한 가정의 엄마이자 아내인 주부로서 진라면이 쉰라면 대체가 불가능한 맛이었다면 솔직히 이렇게 완벽하게 갈아타지 않았을 거예요. 어느 날 이후로 아예 완전하게 미련을 접고 진라면만 먹고 있습니다.

뿌셔먹어도 맛있습니다. 너무 계란맛이 나거나 아무 맛도 안 나는 것이 아니라 적절히 어우러져 있고 면도 치아엔 무리가 가지 않을 정도로 바삭한 것이... 어떻게 먹든 맛있게 먹게 해주는 오뚜기 진라면!

아직 의심을 품는 분들이 계시다면 꼭 드셔 보세요! 진라면을 필두로 RtA 대신 오동통면을, ㅉ왕대신 진짜장을.. 당연하게 찾게 되실 겝니다",평점5,200212,SSG닷컴,3.0
오뚜기 진라면,"공식 설명은 100% 천연이며 천연 이산화규소가 함유되어 있습니다 피부에 진정되고 통풍이 잘 되는 보호막을 형성하여 외부 환경의 자극을 줄여줍니다.다른 미량원소와 결합하여 피부의 내수성을 증진시키고 민감도를 낮춰 피부를 매끄럽고 부드럽게 가꾸어 주며, 민감한 피부와 건강한 피부에 적합한 데일리 수딩 및 수분케어입니다.이외에도 아벤느 아쿠아수르스 미스트는 피부염, 건선, 화상 등의 증상을 완화하는데 임상적으로 사용됩니다.매일 두 번 이상 얼굴에 분사하여 항염, 가려움, 진정, 진정, 자연 대항 프리래디컬로 피부 보호 기능 및 노화 방지 기능을 강화합니다.15-20cm 거리를 두고 원을 그리듯 얼굴 전체에 분사하여 5-10초간 머무른 후 티슈로 눌러 말립니다.
칭찬할 것은 노즐입니다. 펌핑이 간편하고 물안개가 매끄럽게 형성되어 있습니다 아벤느의 노즐보다 훨씬 좋습니다!또한 민감성 피부에는 정말 효과가 있기 때문에 기본적으로 자기 전에 뿌리면 다음 날 증상이 완화되는 것을 느낄 수 있습니다.",평점5,210508,SSG닷컴,3.857142857142857
오뚜기 진라면,라면 안 먹는 중인데 누가 이거 먹길래 걔 취향이 궁금해 레시피대로 따라서 사먹어 봄. 뒷맛이 매콤한 맛. 텁텁하지 않고 개운하게 맵쌀한 맛이던데. 걔는 국물은 안 먹고 면만 먹더라. 난 면을 먹지 말아야 해서 그럴 거면 난 그냥 다시 라면 안 먹기로 함. 너무 오랜만에 먹어서 너무 조심하며 먹어서 그런지 첫봉은 뭔가 별 맛이 없게 느껴졌고 두봉부터는 본연의 자꾸 손이 가는 라면맛이 느껴졌는데 동시에 죄책감이 들어 이 번들 하나 며칠 만에 일부러 다 빨 먹어벌임 ㄷㄷ 눈 앞에 보이지말라고 해치우면서 또 다시 먹고 싶은 것 같으면 어차피 먹어봤자 내가 아는 그 맛이라고 반복세뇌 컨트롤하기로 했음. 세상 모든 라면 다 먹을 기세로 돌변하기 전에 리뷰도 독하게 써봄. 그래도 걔 맛취향을 알아낸 것 하나 건짐. 걔도 평소 라면 진짜 안 먹는다고 했는데 역시 그거 구라가 아닌 것 같네. 나도 계속 안 먹어야지.,평점5,210901,SSG닷컴,2.6666666666666665
오뚜기 진라면,"영덕 축산항 쪽에 스쿠버 다이빙 강사 2시면서 선주 님 부부에게 며칠 동안 잘 얻어 먹고 와서 미안해서 쇠고기도 사주고 어제 모레까지 얻어 먹고 진라면 선물로 그 자리에서 G 마켓에서 박스로 시키고 진산면 맛있다 그런데 오뚜기 육개장 애는 소고기가 10봉지 중 한 봉지 소고기 두 조각 들어 쓸까 말까 정말 기분 나쁘다 그러고 새로 만든 오뚜기 버섯 쪽에선 뼛조각 두 개 나옴 혓바닥 그때 찔리고 입천장에 죽 지켜서 두 개나 나왔는데 오뚜기 쇠고기죽 문경 편의점에서 3천 990원 이라하여 4,000원 보상해준다 간다 본사 고객 민원팀 과장 박 씨 미안하다고 죄송하다고 3번은 말하는데 약 못 살겠다 스타일 고개를 끄덕이자 않고 말로만 날건달 식으로 죄송합니다 그런다 정말 기분 나쁘다 그 고객이 민원팀 박씨는 오뚜기회사에 조카나 뭐가 되는 것 같다 어쩜 저렇게 없게 고개 뻣뻣이 들고 날건달 식으로 기부라쁘게 말을 하며 고객님 죄송합니다 하고 그러고 없는 말들을 막 한다 내 블로그에 오뚜기",평점5,220105,G마켓,2.2857142857142856
오뚜기 진라면,"쿠팡이나 11번가에서 항상 주문해서 물품을 받아보곤 했는데, 이번에 트레이더스를 이용해보았습니다.
화면에서 몇번째 도착하는지 실시간으로 알수 있고, 더구나 같은 지역에서 같은 지역으로 물품이 오니까 냉동식품이 언 상태에서 그대로 오니까 너무 좋습니다.가격도 경쟁력이 있으니 더 할 나위 없이 아주 좋습니다.
평일에는 트레이더스에 직접 가서 물건 사는 것도 어렵지만, 주말에는 가끔씩 가서 좋은 물건들을 사건 했었습니다. 하지만 가는 시감이랑 가서 고르는 시간 등을 거려하면 이렇게 인터넷으로 주문하는게 아주 편리하다는 것을 알게 되었습니다. 가격 차이도 별로 나질 않더군요.
여러 품목들을 주문했음에도 하나도 틀린거 없이 다 맞게 잘 와서 아주 흡족합니다. 냉동식품들은 전부 비닐 봉지에 얼음 포장된거 하나씩 넣어주셔서 잘 받았습니다.
라변도 소포장 된거 보다는 이렇게 20개짜리 집에 쟁여두고 먹으면 편하고 좋더라구요. 유통기한도 반년이나 남아 있으니 맘 편히 잘 먹겠습니다..",평점5,220316,SSG닷컴,4.5
오뚜기 진라면,"전 매운 걸 좋아해서 자주 시켜먹어요. 이번에는 파김치 국물이 남아서 같이 끓여먹었는데 맵지는 않더라고요. 그냥 맛있게 먹었어요.급한대로 김밥을 말아서 같이 먹어서 그런지 하나도 안 매워서 서운했어요. 다음에는 올곧이 라면만 먹어보려고요. 일부러 계란도 안 넣었는데... 근데 파를 썰어서 파기름 내서 먹으면 더 맛있다고 하더라고요. 면이랑 국물을 따로 요리해서 나중에 먹을때 섞어먹으면 맛난다고 하던데, 이것도 나중에 도전해보려고요. 원래의 개학날에서 학생들 개학이 늦춰지던 날부터 거의 일주일간 라면들이 품절였는데 이젠 괜찮아졌나봐요. 진라면이 인기는 정말 많은 것 같아요.전 원래 내 인생에 라면이라고는 없는데, 진라면 한번 먹고 라면의 맛을 알아버렸어요. 오늘은 겉절이 엄마 요리에 파김치국물 라면을 먹었더니, 짰던지 엄청 물을 먹고 있어요. 밤에 라면먹을때 우유랑 먹으면 안 붓는데서 전 다 먹고 후식으로 우유먹고 있어요.이래도 안 붓겠죠? 진라면은 신라면과 안성탕면의 뒤를잇는 짱짱라면이에는. 최소한 저에게는 말이죠.",평점5,200328,SSG닷컴,3.6666666666666665
오뚜기 진라면,"12월 8일 밤 11시 반에 주문했는데 다음 날인 9일 원하는 시간 지정해서 배송 받았어요.
직접가서 사와도 라면같은건 조금 깨져있기도 하는데 제가 사오는것보다 온전하게 왔어요.물건포장도 냉동식품 냉장식품 상온보관 따로 포장도 해주셨구요. 무거운건 종이봉투 맨 밑에 담아서 안정감있네요.
비닐.테이프.끈 사용 줄이려고 종이봉투에 오는것도 좋아요.
손잡이가 없어서 드는데 조금 불편하긴하지만 환경을 위해 훨씬 나은 선택이네요. 유통기한은 2020년 5월 27일까지 긴걸로 잘 왔구요.
두개 구매하니 .

제가 직접가서 구매한것처럼 좋은 상품으로 골라서 . 정말 감사합니다.
편리하고 편안해서 .

저는 이렇게 만들어먹어요.
진라면 끓여서 달걀하나 풀어서 먹어요. .

두번째로는 면 끓이다가 반쯤 익으면 물버리고 우유붓고 슬라이스치즈 한장 대파 자른거랑 스프반만 넣고 짜글짜글 졸여서 먹음 매운 스파게티같아요. 매운게 먹고싶을때 청양고추나 고춧가루 조금 더 넣어요.

라면은 역시 . .
자주 구매해서 먹고 있어요. 감사합니다. 잘 먹을게요.",평점5,191209,SSG닷컴,3.7142857142857144
오뚜기 진라면,"다른라면브랜드를애용하던사람이라브랜드자체를바꿀일이없었던차에유럽여행을갔는데,그곳조그만마트에서팔고있던진라면반갑기도하고길어진여행에서한국음식이간절해지던차에진라면을접하게되었습니다.
그날진라면이내인생라면이된날이었답니다.
평생라면을먹기는했어도자주먹진않았던나이많은아줌마인데,맛도맛이지만건강한라면으로먹고싶어서한번뜨거운물에데쳐낸다거나,야채를듬뿍넣어서야채육수에서나오는그맛을더하면어느훌륭한요리못지않답니다.
단백질추가하는날에는계란도추가하고,양파,파,부추있는대로때려넣고만들어먹고있답니다.
그후에오뚜기사장님이나오는프로그램을보고,인격적으로좋으신분같아서더더응원하는오뚜기브랜드입니다.근데제인생라면인줄알았던진라면을대적하는라면이나왔는데맵찔이인제가먹어도너무맵진않은열라면을만나게된겁니다,ㅋㅋ
그이후박스로라면을사고있답니다.
열라면에청량고추쫑쫑썰어추가하면우리아들이좋아하는매운라면이완성된답니다.
세계적으로뻣어나가서더더성장하는라면브랜드되길바랍니다.
항상감사드리고배송도빠르고,한끼식사로도훌륭한라면을만나게되에감사하고있습니다.
언제나좋아하는라면은열라면,진라면이될거같아요~~~",평점5,220520,SSG닷컴,4.428571428571429
오뚜기 진라면,"오뚜기 매운 맛은 신라면에 좀 뒤쳐지는 느낌이지만
매운 맛을 자주 먹지 안해서
매운 맛 역시 오뚜기로,
물론 맛이 중요하겠지만서도
오뚜기 기업 이념이 좋잖아요 몇년째 가격도 안 올리고...
될수있으면 고객의 입장을 조금이라도 생각해주는 그런 기업,
가족을 보면 그 사람을 안다고
그래서 부잣집 그 딸아이도 소탈하고 꾸밈이 없게 느껴지고
아니 대기업 자녀 같지 않게 모든 이들과 거절하지 않고 꺼리낌 없이
커무니케이션을 하는 걸 보면 참 대단한 가족이란 걸 새삼 느낍니다
문제인 정부 들어서서 대기업만 초대하는 경제인들 모임에도
오뚜기는 참석 할 정도니까요
어쩌면 사회적 기업이라고 하면 좀 지나친 얘기 겠지만
오뚜기 식품을 항상 애용하는 편입니다
막말로 오뚜기 제품 가격 안 올리는 것 만해도 어딥니까

혹 자들은 그렇다고 리플을 달수도 있겠지만...",평점5,210128,SSG닷컴,3.0
오뚜기 진라면,"연휴 때 친구들과 홈파티했어요. 저녁도 든든하게 차려먹고 커피와 과일, 디저트까지 클리어했지만 왠지 허진한 기분이 들더라고요.ㅎㅎ
역시 한국사람은 매운맛, 국물을 먹어줘야하는건지.. 야밤에 오뚜기 진라면 매운맛을!! 꺼내들었습니다. ㅎㅎ
그냥 먹어도 맛있는데 여기에 새우도 넣어주고 파송송, 계란과 치즈까지 첨가하여 완벽한 라면을 만들었어요.
꼬들또들한 면발에 매콤한 국물이 치즈,계란과 잘 어울렸어요. 아 지금 생각해도 너무 침이 고이네요.
물론 이렇게 첨가물을 넣어도 참 맛있지만 가끔은 깔끔한 맛이 생각나서 그냥 기본으로 먹어도 너무 맛있어요~
어제도 약속이 있어 고기 먹고 이차까지 갔지만 집에와서 라면 반개 끓여먹엇땁니다. >.<
예전에 아버지가 그렇게 라면 좋아하셨었는데 이제 저도 나이가 드니 이해가 가기 시작하네요. 물론 학생들도 라면 진짜 좋아하지만.. 그리고 오뚜기는 기업이미지도 좋기도 하고 맛있기도해서 자주 구매하는 제품이예요. 다른 식품도 짱짱. 이미 매니아들 많으시겠지만 !!",평점5,201010,SSG닷컴,4.166666666666667
오뚜기 진라면,항상 떨어지지 않게 비치해 놓고 있는 기본 라면입？다. 둘이 살지만 차려먹기 귀찮거나 가끔 땡길 때 라면은 자주 먹는 편이라 박스로 구매해서 먹고 있는데요.얼마 전에 농심과 함께 가격을 올린다는 말이 있어서 미리 더 사놔야 하나 싶다가 의외로 라면이 유통기한이 ？은 편이라(6개월) 좀 더 기다렸다 사긴 했는데 결국 큰 차이는 없었네요.사각라면이라 동그란 양은냄비에 끓이기 좀 애매하단 걸 빼면 가장 무난하고 적당한 매운맛 라면입니다. 가격이 좀 오르긴 했지만 그래도 아직은 저렴한 편이구요. 다음번에는 내년 봄 쯤 구매하게 되겠메요.,평점5,221017,11번가,2.75
오뚜기 진라면,"아기 재우고 몰래 작은방와서 진라면하나 부셔먹고있어요.
라면 부셔먹는거에 기대했던걸까요.. 혹여라도 소리가 새어나갈까 이불속에서 라면을 부시는데 잘안부셔져서 제가 힘이 약해졌나 했어요.
봉지를 뜯고 스프를 넣고 흔들어주니 입에 침이 고이더군요.
손가락 두개를 이용해 스프가 고루 뿌려진 라면조각을 들고 입으로 들어갔죠.
왠걸.. 눅눅해요.
제가 상상했을땐 한입 베어물면 아그작 소리와함께 라면이 부스러 져야하는데..기대했던걸까요...
... 우울해서 작성해봅니다....
사진보시면 게 보이실거예요.",평점5,210630,SSG닷컴,2.75
오뚜기 진라면,"매년/ 매월/ 매주.... 라면은 신라면만 먹다가, 이번에 친구의 데일리 라면 추천으로 “진라면 매운맛” 쟁여서 주말마다 먹어보려고 구입했어요!!! 예전에는 신경도 안썼는데, 제가 즐겨 먹었던 신라면보다 싸네요잉???? 매운 정도는 열라면이나 신라면보다는 매운 맛이 덜하지만, 적당히 자극적이고 매워서 온 가족 모두가 맛있게 먹을 수 있을 것 같아요! 그리고 역시 오뚜기는 착한 기업이지 않습니까!!! 짭짤한 주전부리 땡길 때 아작아작 부셔 먹기도 좋고, 블로그에서 본 것 처럼 투움바 라면이나 대파라면도 해먹어 보려고요!!! 또 신라면보다 착한 가격이라 이번에 가족들이 질리지 않고 좋아하면 2020년 저희 가족 팬트리의 대표 라면으로 찜 하렵니다 비상식량으로 요 라면 묶음만큼이나 좋은 건 없지 않습니까!!! 아 그리고, 이번달에 이사하면서 새로운 곳에서 이마트몰 배송 오랜만에 시켜봤는데, 역시나 빠르고 친절하시네요잉???!! 그래서 기분좋은 마음으로 첫 리뷰를 작성해봅니다.",평점5,200211,SSG닷컴,4.777777777777778
오뚜기 진라면,배송 최악. 한두번도 아니고 시킬때마다 계란깨서 보내는게 이마트 국룰 입니까?? 한두개 깨져올때도 계란 배달하기 힘들겠지 그래 그냥 이건 감안해야지 하면서 아무말 안하고 계속 넘어가고 있었는데 저번주문에는 4개나 깨져오더니 오늘도 어김없이 계란이 깨져서 나머지 계란들은 말할것도 없고 다른 제품들까지 계란물로 뒤범벅이 됐네요?? 계란물 때문에 닦아도 닦아도 끈적이고 찝찝해서 개짜증. 계란도 계란이지만 대체 냉동식품은 어케 보관해서 주는겁니까?? 집에있어서 배송완료 되자마자 갖고 들어왔는데 냉동제품이 드라이아이스는 찾아볼수도 없고. 제품은 다 녹아서 말랑말랑 한 상태를 넘어서 따뜻한 상태로 오는게 말이 됩니까? 배송해주는대로 그냥 쳐먹어라 이건가요? 이렇게 갖다주실꺼면서 시간예약은 왜 하는거에요?? 대체? 진짜 개빡치네,평점5,210401,SSG닷컴,2.0
오뚜기 진라면,"배송빠르편이고,2일전에실은매운맛을사려다가없어서순한맛으로샀다가어제올라온광고보고매운맛도구매함.순한맛으로받아놓고개인정보가고스란이노출되어있기에고객센터에글을올리고답변을받긴받았는데영마음에들지않고..얼마든지일부는노출이불가피하더라도남이안보이게끔해줄수는있지않을까생각이드는데너무큰바램인가?개인이혼자사는게아닌곳이고여럿이공동으로사는곳이라서남들이연락처등을볼수있고해서꺼려지는데여태까지모르다가어제서야발견한문제인데오늘아침에받은라면박스에는이름,주소등이오히려펜으로크게쓰여져있더라이게안보여서쓴것인가?아님놀리려고하는짓인가?도무지이해가안가는부분이다타업체등에서는물건배송받을때는일부정보의노출은가려주더라g마켓에다시한번요청컨대가급적이면개인정보노출은안해주길바란다(전화번호,주소,이름)정말로신신당부하는바이다.",평점5,220507,G마켓,0.0
오뚜기 진라면,"사나이울리는 라면보다 이상하게 저는 진라면이 더 좋다는ㅎㅎ 작은애가 매운걸 잘 못먹어서 순한맛을 사기도 하는데, 매운맛에 스프조금 덜넣고 먹는게 훨씬 맛있네요. 김밥 스무줄씩 마는날엔 한끼쯤은 라면과 함께~ 미리 독립연습하라고 잔소리하면 마지못해 한번씩 라면끓여주는 녀석인데, 이날이 바로 그 계탄 날ㅋ 아이랑 먹느라 스프는 반만 넣었지만 콩나물한줌 넣었더니 더 시원하고 맛나요^^ 면이 가늘어서 금방익고 금방불는게 좀 아쉽지만 재구매의사 있어요~",평점5,220906,11번가,3.3333333333333335
오뚜기 진라면,"초나라와 한나라가 중국대륙의 패권을 다투고 있을 때 변방의 진나라에서 홀현히 나타난 진라면!! 전투를 위해 모든 병사가 산처럼 무거운 무쇠솥을 매고 쌀을 지고 다니느라 이동속도가 엄청느리고 비가오면 수레가 뻘에 빠져서 곤란을 격거나 적의 기습을 받아 몰살당하는 일이 자주발생하였으니 이를 안타까이 여긴 진나라의 책사 진라면은 쌀을 튀겨 불려 먹는 전투식량을 개발하였으니 이것이 진라면이다
지금은 많은 개량을 통하여 매운맛 순한맛 ......영양만점 전투력 만점의 진라면으로 불리게 되었다",평점5,200526,옥션,0.0
오뚜기 진라면,라면한봉지라도 다양하게 먹어보고 싶어하는 사람인데 기본적으로 베이스가 되줄 매운맛 국물라면 한가지는 상비해놓고 있어야 한다고 생각합니다. 뭘 고를까 찾다보니 이 상품 요즘같이 물가 비싼 시대에 개당 500원이면 엄청나게 매리트있는 가격이죠.문제는 배송이 두 박스 80개가 와서 당황했다는건데...알고보니까 남편도 같은 걸 주문했다는거. 덕분에 당분간 라면 살 일은 없어졌네요. 유통기한이 위험해보일 정도??,평점5,220706,G마켓,1.0
오뚜기 진라면,매콤한 걸 좋아하는 내 기준엔 딱 맞는 상품이네요..신라면에서 갈아 탄지 오래 이다.. 국물 라면은 이제 이게 매인이 되어 버렸네요..상품평을 쓰라고 하지만 구구절절 쓰는게 더 이상하네요..한번 쯤은 맛 봤을거고 다 아는 맛 이네요.. 가격도 착하고.. 주문후 배송까지 2일걸렸네요.. 지방인걸 감안하면 총알배송이네요...40개입이라 1Box 채로 와서 좋으네요...배달할때 상태에 따라서 내용물의 상태가 확인이 되네요겉으로 봐선 상태 양호합니다..유통기한은 6개월인데.. 그전에 다 먹을 듯 하네요 ㅎ마지막으로 이것저것 할인해서 싸게 잘 구입했네요.. 거의 1만원 할인을 받은 거 같네요..좋은 상품 좋은 가격에 득 하시길 바랍니다.,평점5,220701,G마켓,4.571428571428571
오뚜기 진라면,"지금껏 받아본 배송 서비스 중 가장 최악입니다. 계속 타사를 이용하다가 이번에 이사하면서 롯데마트를 이용하게 되었는데 롯데마트가 배송이 엉망인건지 제가 시킨 안성점이 엉망인건지 많이 실망스러웠습니다.
저는 금요일 오후1시부터 5시 사이에 배송을 받기로 되어있었습니다. 3시쯤 카톡으로 배송이 출발했다는 연락을 받았고 3시 51분까지 도착 예정이라고 안내받았습니다. 그런데 배송은 오지 않고 4시 50분쯤 문자가 왔습니다. 배송차량 문제로 6시 이후에 도착한다고. 답답한 마음에 고객센터로 연락했습니다. 6시 이후면 몇시에 오는거냐고 물었더니 6시에서 9시 사이에 도착한다고 했고, 그럼 이미 3시에 배송 출발한 상품들은 어떻게 보관되는 거냐고 물으니 마트에서 새로 포장해서 나간다고 답변하셨습니다. 차량 고장문제로 배송이 늦어 죄송하다는 사과도 받았고요. 사실 1시부터 5시까지 4시간이나 간격이 있으면 그 사이에는 틀림없이 도착해야한다고 생각했지만 차량 고장문제가 있다고 하니 그러려니 하고 넘겼습니다.
그런데 배송은 9시 약속도 못지키고 9시 반이 되서야 도착했고, 더 기암할 일은 포장상태였습니다. 냉장식품과 아이스팩 등을 종이 상자와 같이 한봉지에 담아 보내니 종이 박스는 다 젖어서 저절로 찢어질 정도였고 아이스팩이 다 녹아서 모든 상품에서 물이 뚝뚝 떨어지고 배송 포장 봉지에는 물이 고여있었습니다. 냉장커피와 우유는 미지근한 상태로 왔고 30분 넘게 냉장고에 넣어뒀는데도 시원해지지 않았습니다. 이 식품들이 새로 매장에서 포장한 상품들이 맞는지 아니면 3시에 배송 출발한 그 상품들을 그대로 보낸건지 의심이 듭니다.
타사를 이용했을 때는 냉동식품이나 냉장식품 등은 다른 상품들과 섞이지 않게 개별로 작은 봉지에 포장한 상태로 배송을 받았고, 항상 신선한 상태로 받았기 때문에 롯데마트의 이번 배송이 더 실망스럽습니다. 안성점에서 처음 물건을 시켜봐서 늘 이렇게 엉망인지 아니면 이번에만 피치못할 사정으로 엉망이었는지는 모르겠지만 아마 저는 다시는 이용하지 않을 것 같습니다.",평점1,210626,롯데마트,1.8571428571428572
오뚜기 진라면,"안녕하세요~!!!

최근에 코로나와 이사 겨울의 추위로 인해 쓱을 주문하게 되었습니다!!
겨울철 곰처럼 쟁겨놓았더니 너무 든든하네요!!
그러다 덕분에 점점더 돼지가 되어가네요
그리고 팬트리를 너무 만들고 싶네요~~!!

상품도 깨지지 않고 대부분 잘와서 계속 주문중이네요~!
주1회 10~15 만원정도 상품주문하고 받는데 !!ㅋ

요즘 코로나로인해 5인이상 집합금지라...
집들이겸 파티를 친구들 나누어 여러번 하고 있네요~!!!
배송도 시간맞추어 잘 와주는 편이고...
저는 퓨전처럼 저만에 레시피를 만들어 먹는걸 좋아하는데..
집에서 고민좀 많이 해봐야겠어요~!!
앞으로도 좀더 꼼꼼히 챙겨서 ...
그때그때 연락오고 ~!!!
요즘 날도 춥고 코로나도 무섭고 동네 지리도 몰라서 앞으로도 계속 배송할것 같아요!!
계속 시간 잘 맞춰 꼼꼼히 배송 부탁드리기 바랍겠습니다~!!
추운날씨 수고하시고 앞으로도 자주 시킬께요!!!ㅋ",평점5,210108,SSG닷컴,3.125
오뚜기 진라면,배송 빠르고 안전하게 잘 받았습니다. ㅅ 라면 먹다가 한번 바꿔봤더니 이제는 아예 진라면만 먹게되네요. 가격도 저렴하고 맛도 더 개운해서 안바꿀 이유가 없네요. 며칠전 마트에 라면을 사러 갔더니 진라면만 하나도 없더라구요. 원래 이렇게 40개씩 사다놓지는 않는데 매진임박1개라는 옵션보고 그냥 주문해버렸어요. 어차피 요즘 다른때보다 집에 많이 있으니 라면먹는 횟수도 늘었거든요. 저 주문하고 품절떴다가 다행이 지금은 물량확보가 되셨는지 다시 판매하시네요. 앞으로도 계속 품절 안뜨고 많은사람이 저렴하게 구매할수있으면 좋겠어요. 감사히 잘 먹겠습니다.,평점4,200317,11번가,3.0
오뚜기 진라면,"오뚜기 진라면은 학창시절때부터 부모님이 박스째 쟁여놓고 먹어라고 하셨었는데.처음 나올때부터 많이 쟁여놓고 지금은 환경호르몬 때문에 안먹지만 봉지라면으로 진~~짜 많이 해억었어요.
면이 얇아 금방 익고,양이 적다 싶으며 발로 으깨서 라면죽도 끊여먹고 남은 라면국물에 밥을 말아 김이랑 참기름을 넣고 철판 볶음밥처럼 해먹었는데,지금도 가끔 그때 생각나서 세일할 때 쟁여놓습니다.
근데 유통기한이 진짜 많이 짧아진거 같아요.
저만 그렇게 느끼나요?",평점5,210504,SSG닷컴,1.0
오뚜기 진라면,"예전에는 농* 사의 ㅅ라면을 자주 먹었는데, 요새 저의 최애 국물 라면은 과연 갓뚜기의 진라면입니다...
그 중에서도 진라면 매운맛..
사실 진라면이 ㅅ라면 이긴지 몇 년 되었죠.
벌써 꽤 된 듯.
진라면이 면도 더 탱글탱글하고 칼칼한 맛이 더 개운하게 느껴집니다.
.
게다가 진라면.. 저렴합니다.
아직까지 5개에 3천원이 안 됩니다.
물가를 잘 몰랐는데, 아직까지 5개에 3천원 안 되는 것 보고 솔직히 좀 놀랐습니다.
엄마가 진라면을 자주 사 오시는 이유가 있었구나ㅋㅋㅋ 했습니다.

아무튼 .

라면 끓일 때는 나중에 다진마늘을 반 스푼에서 한 스푼 넣어주는 게 맛을 깊게 만드는 방법입니다.
그러고보니 본가에서는 엄마가 다져 놓은 마늘이 항상 있었는데 자취방에는 그것도 없군요.
펑양고추를 조금 잘라서 넣는 것도 좋은데 그것도 역시나...
갑자기 리뷰 쓰다가 다진마늘을 따로 구비해야 하나 고민되네요ㅋㅋㅋ",평점5,210309,SSG닷컴,4.5
오뚜기 진라면,"16시까지 배송이였는데 늦는다는 연락도 없이 7시에 도착 하였습니다
분명히 공동 현관 비번 적어놓고 문앞 배송 요청 하였는데 저녁 7시 넘어서 왔고
냉동 제품도 있고 고기도 있었는데
아이스팩은 다 미지근해져서 오고 드라이아이스인가요? 그것도 다 녹고 오죽하면 아이스팩 녹은거 물나와서 봉투도 다 찢어진 상태로 왔고 제가 직접 수령 했습니다
고기도 미지근한 상태로 오고 냉동 제품도 다 녹아서 왔고
이런날씨에 상해서 온건 아닌지 심히 걱정 되네요
롯데마트는 배송 예정 시간 보다 늦으면 친절하게 알림톡 발송도 해주던데 좀 실망입니다
배송시 아무것도 지켜 주지 않으셨네요
평소에도 현관앞에 놓고 벨 누르지 말아달라 요청 사항 써놓아도 항상 잊지않고 벨 꼭 누르고 가시고….
요청사항을 왜 만드신건지
이번 냉장 냉동 제품 먹고 탈나면 책임지실건가요?",평점5,210719,SSG닷컴,2.25
오뚜기 진라면,"요즘 새벽배송 경쟁이 심하던데, 이마트에서도 드디어 새벽배송을 이용할 수 있게 되었다고 해서 바로 와봤습니다. 가장 거대한 빵집, 트레 또도 신규 오픈하고 좋은 점이 많더라고요. 그런데. 인기가 너무 좋은 건지 새벽배송은 마감이라 일반 배송을 이용해 보았어요. SSG 첫 가입 회원은 20%할인 쿠폰, 무배쿠폰에다가 여러 할인쿠폰을 지급해서 첫 인상부터 마음에 듭니다. 이번엔 농심너구리, 농심신라면, 특란30구, 표백제, 후추 등등을 사 보았어요. 어제 주문했는데 다음 날 '원하는 시간'에 바로 배송이라니, 고객이 편리한 시스템은 처음인 듯 합니다. 배송 전 안내문자까지 두 번에 걸쳐 오고 배송 직후에도 문자가 와 바로 들여놓을 수도 있습니다. 새벽배송을 처음으로 이용해보았는데 신선제품들만 오지 않아 당황했어요 ㅠ 코로나로 인한 문제여서 빠르게 처리해주셨고 다음날 아침 쏙~배송으로 받았습니다~ 집에서 편히 구매 할수 있어 좋으내요. 계속 눈 여겨 보다가 결제 했는데 너무좋아요 사길 잘했어요 결제하세요 짱좋아요 또 살거에요 ?는데 좋아요^^쏙 배송 시간까지 맞추시느라 애 많이 쓰십니다. 배송이 무지하게 빨라요 ㅎㅎ 누락된 상품도 없고 매번 매장가서 안하고 온라인으로 하는데 편하고 ㅋㅋ 추운데 고생하시는 기사님 수고 많으세요 ㅎ .",평점5,201212,SSG닷컴,3.9166666666666665
오뚜기 진라면,항상 주문해먹습니다떨어지면 생각나서 항상 쟁여놓는 라면들입니다삼양라면 골드어릴 때 먹던 맛은 아니나 이 녀석을 먹고 있노라면왠지 어릴 적 추억이 생각나 늘 먹는 라면 맛도 좋아요내가 부르는 명칭 쇠괴기라면 건더기 수프는 없지만면발이 쫄깃해서 좋고 밥 말아먹으면 좋아요N사에 안성이 있다면 삼양엔 쇠괴기 라면이 있다삼양 빠는 아닙니다 그동안 좋은 회사라 믿고 먹었는데오너 일가 하는 짓이 N사랑 다를 게 없어 싫어함잔라면 (내가 부르는 애칭)신라면 대용으로 주문해 먹는데 맛나요회사 이미지도 좋고 해서 잔라면만 먹을렵니다,평점5,211016,G마켓,3.7142857142857144
오뚜기 진라면,"저희 회사에선 ssg 닷컴만 이용해요 - 정품 믿을 수 있고, 빠른배송까지ㅠㅠㅠㅠ 그리고 종류도 다양하고, 이벤트도 많아서 자주이용하는 편입니다. - 노브랜드를 사용할 수 있어서 가성비 좋은 제품을 구매할 수 있는데 회사에서 대량구매하는 곳에선 정말 좋은 거 같아요! ssg 닷컴 VIP 되는 그날까지.... - 트레이더스도 자주이용하는 편인데 다과나 커피종류 비품 등 대량구매하기 적합합니다. 근데 종류가 한정적인거 같아 종류를 늘이면 더욱 좋을 꺼 같아요!!! 아쉬웠던게 이번에 박스에 다과들이 담겨온 게 아니라, 개별로 한꺼번에 왔더라구요 코로나 때문에 택배박스를 사무실에 들고 갈 수 없어서 카트에 다과들을 일일히 담아서 들고왔는데 담에는 큰박스에 담겨져왔으면 좋겠어요!!! 그점빼고는 아주 좋았습니다. - 품절시 대체되는 상품을 선택할지, 환불받을지 선택하는 옵션도 좋고, . 좋은 점이 많아서 쓸수 밖에없는 SSG닷컴 앞으로도 애용할께용",평점5,210803,SSG닷컴,4.428571428571429
오뚜기 진라면,"9일에 주문하고 오늘 받았네요. 판매자는 주문 당일 출고했고, 받는 곳도 파업지역이 아닌데 집하 후 출고를 안 해주네요. 이게 노조 맘이라 랜덤이랍니다. 실제로 동시에 주문한 다른 제품은 총알배송이었고요. 스마일배송은 최대 5일 이내 배송이 계약사항이라서 일부러 택배를 볼모로 잡고 5일 꽉 채워 갖다준다네요. 차라리 미리 안내라도 해주면 마음 편할 텐데 택배는 아무리 기다려도 꿈쩍 안 하지(누락된 줄 알았음), 판매자는 문의글에 답도 없고 전화도 안 받지, 고객센터는 전화 연결 한 번 하려면 몇 십분...^^ 취소하려 했더니 영업일 기준 5일 지나도 못 받아아 가능하답니다. 안내 페이지엔 내일 받을 수 있다고 되어 있고 실제 그럴 수도 있지만, 복불복으로 평일 기준 5일 걸릴 수 있다는 거 알고 주문하시면 됩니다. 라면이라 다행이었지 신선식품이었으면... ㅎㅎㅎㅎ 택배 파업 기간 동안 단 한 번도 배송 지연으로 불편함 겪어보지 않았고 평상시와 똑같았는데 이렇게 경험해 보네요.",평점4,220216,G마켓,1.75
오뚜기 진라면,"이런 저런 야채나 햄 넣고 끓여 먹기 좋은 라면이에요. 화력 쎄게 해서 고추가루맛으로 우려내 먹기도 괜찮은 라면인데 다만 면이 너무 매끈매끈 기름진 느낌입니다. 면이 조금 포실포실하게 담백해 지었으면 좋겠습니다. 예전에 분식집 업소 같은데 다 진라면 쓴 것 같은데 요즘은 그맛 느끼기 어렵네요.

신라면도 청양고추 쎄게 넣어서 햄과 함께 끓여 먹기 좋았는데 요즘은 너무 금방 퍼지고 국물도 맹맹한 단맛으로 바뀐 느낌이라 잘 찾게 되진 않더군요. 진라면이라도 오래오래 널리 잘 쓰이는 라면으로 남길 바래요.",평점5,220612,SSG닷컴,3.3333333333333335
오뚜기 진라면,"어머니께서 경쟁 상품이라고 볼 수 있는 신라면은 면이 부드럽긴 한데 가격이 조금 비싸고 진라면은 반대로 삶았을 때 조금 딱딱한 느낌은 있지만 그래도 콩나물 넣었을 때하고 궁합이 좋아서 신라면보다 진라면을 더 좋아한다고 말씀해주셨습니다. 저는 신라면, 진라면 전부 다 좋아하는데 확실히 매운 맛은 신라면이 더 강점이고 대신 콩나물하고의 궁합은 진라면이 더 갖추고 있다고 생각합니다. 신라면에 콩나물을 넣었을 때는 매운 콩나물국 맛이 느껴지고 반면 진라면에 콩나물을 넣으면 진라면 라면스프의 맛을 한층 더 업그레이드 해주는 듯한 느낌을 받았습니다. 그래서 저는 콩나물이 생각날 때 구매하는 편입니다.",평점5,220601,SSG닷컴,5.0
오뚜기 진라면,"너구리 리뷰를 좋게 완료로 써서.. 안심했더니 이게 무슨일이죠? 너구리 3개 못받아서 나중에 받긴했습니다. 친절하고 감사하다는 리뷰를 달고 나중에 박스를 뜯었더니 정상 유통기한 21.12.14까지 2개와 비정상 다 어디서 뿌셔진 반품된거 보낸거같은데 유통기한고 12.10.05 이걸 보니까 리뷰를 괜히 좋게 썼네요.
이건 실수로 들어간게 아니라 고객을 우습게보고,
받았는데 안받은척 하닌거 아닌가 하는 의심으로
제품을 보낸거로 밖에 생각이 안드네요.",평점1,210717,플랜 88,3.125
오뚜기 진라면,밥솥에 마지막 한끼가 양이 언제나 애매할때 라면을 끓어서 찬밥에 말아먹고 있는데 때로는 건다시마 넣을때도 있고 또 때로는 건새우 넣기도하고 오징어 채썰어 넣기도 하고 햄을 넣기도 하고 작은 참게넣어 끓어 먹는데 그럴때마다 바다내음과 함께 맛이 있고 특히 김치짜글이에 면만 따로 끓어 함께 넣으니깐 맛이 일품입니다. 그럼에도 불구하고 아직 10개 이상 남았네요 3~4개 남을 때 쯤 다시 꼭 재구매할께요!!! 코로나시기땜시리 배송이 늦어진걸 감안해서 5~7일정도 여유를 두고 구매하도록 할께요 배송기사님들 고생이 너무 많아서요 하핫!!!,평점5,210201,키위마켓,4.0
오뚜기 진라면,"라면은 언제 생각날지 모르기 때문에꼭꼭 무조건 쟁여둬야 할 식품 중의 하나죠 !주말 아침에 먹을때도 있고 저녁에 먹을때도 있고야식으로 먹을떄도 있고라면은 ㅋㅋㅋ 정말 시간상관없이 찾게 되는 소울푸드 ~~ ♥진라면으로 만드는 투움바 파스타 맛 우유라면 만들기 !요거 진~~~~~짜 맛있으니까꼭꼭꼭 한번 만들어 드셔보세요 : )느끼한맛아니고 살짝 매콤한 로제파스타맛!? 이에효 'ㅅ' 크으 ~ !!!매운향이 살~~~짝 올라오면서 투움바 파스타 , 백종원 우유라면 완성 ㅠ ㅠ ! 우유를 자작자작 하게 해도 맛있다는데 저 우유 국물도 진짜 맛있어서저는 담에 만들때도 우유 넉넉하게 할꼬에요 ~ !!! 진짜 약간 매콤하면서도 부드러운투움바 파스타 그맛 ~~ ! 5분만에 집에서 완성하는 투움바 파스타라니 ㅎㅎㅎ이거 중독되서 저는 당분간 계속 만들어 먹을 것 같아요 ㅎㅎㅎ맛있을것같다고 했던 라면인데 하더라구요 ~ !!!",평점5,201229,G마켓,3.142857142857143
오뚜기 진라면,"제가 합포장의 의미를 몰라서 아주 곤혹을 치렀습니다. 직원들에게 줄 선물로 50박스(20개들이)를 주문했는데 25박스(40개들이)가 도착해서 황당했고, 교환반품을 요청했더니 추가택배비를 요구하더군요. 그럼 처음부터 포장방법을 고객에게 선택하게 해놓으면 좋았을것을 일을 어렵게 만들었더군요. 결국은 교환반품을 포기했습니다. 회사에서는 일을 잘 못하는 사람으로 찍혀서 비웃음을 당했습니다. 정말 창피하고 화가 났습니다. 결국에 지금와서 생각해보니 싼 가격만보고 주문했다가 오히려 더 비싸게 구매하게 되버렸네요. 판매사측에서 생각해보면 아주 사소하고 별것 아닌 일이지만 구매자측에서는 아주 심각하고 중요한 일인것이지요!!!",평점5,191218,위메프,2.5
오뚜기 진라면,"오뚜기가 15여년만에 가격을 올렸네요ㅎㅎ
저는 맵찔이라 열라면순두부를 진매로 해서 먹어요.
그냥 라면으로 끓일때도 계란이나 치즈 넣어서 덜 맵게 만들어 먹습니다. 치즈를 뚫고 느껴지는 톡쏘는 매운맛을 즐길수 있기 때문에 진순은 잘 안사게 되요.
라뽁이 해먹을때도 사리로 넣고, 스프찔끔 추가해주면 진매의 맛있는 라볶이 맛이 납니다.",평점5,210821,SSG닷컴,4.333333333333333
오뚜기 진라면,"진라면 매운맛은 사골 베이스 라고 하고

진라면 순한맛은 간장 베이스 라고 한다

하지만 네모 면인 것부터 마이너스이고
품질과 맛도 신라면과 삼양라면에 비해 개인적으로 떨어지는 것 같다

오뚜기 기업이 이미지 좋을 때
원형 라면 설비에 투자를 하고 맛 개선에 박차를 가해야 하지 않ㄴㅏ

디테일의 차이가 큰 반향을 일으킬 수 있다
특히 원형 라면은 이제 필수라고 생각한다

언제까지 좋은 이미지와 저렴함으로만 승부를 볼 수는 없다",평점5,221027,SSG닷컴,3.6666666666666665
오뚜기 진라면,"항상 재구매,,,매콤 쫄깃한면발 진한국물맛 맛나요,,,게다가 저렴이,,,국민라면,,,저는 찬물에 스프라면 몽땅 넣구 ,,,뚜껑덮구 중불로 2분30초~3분바로 가져와서 호르륵,,라면 모양 그대로 ,,,,,걍 표시된 시간보다 1분정도 살짝 덜 끓이면 면발이 쫄깃 탱글해요,,굳이 젓가락으로 공기통하게 들었다놨다 할 필요가 없더군요~~~",평점5,221031,G마켓,3.0
오뚜기 진라면,라면을 거의 먹지않는 가족들 덕분에 라면을 집에서 먹지 못하는 불운을 겪던차 다양한 요리에 쓰고 라면을 맛있게 끓이는 비법을 알려주는 조카덕에 재대로 라면 실컷(?) 먹으려구 추천 받은 진라면 대용량 샀어요 지인과도 나누고 맛있게 먹어보렵니다 5개들이 봉지에 찢김이 있어 당혹스러웠는데 모두 그런걸 봐선 일부러 그리해 놓은거 같아요 먹기 바빠 실물은 못찍음 ㅠ,평점4,201028,옥션,3.375
오뚜기 진라면,친구와 동거? 중 인데 간편식으로 라면만한게 없어서 주문했어요.원래 더 매운라면을 좋아하는데 친구가 맵찔이라 중간 타협점인 진라면 매운맛.. ㅎ워낙에 오래된 유명한 브랜드라 맛은 말 할 필요없고할인쿠폰으로 저렴하게 잘 구매했네요.배송은 막 빠르다 말 못하겠지만남은 라면이 많아 문제 없었어요. 8월6일 기한이면 유통기한도 넉넉하니 좋네요.번창하세요!,평점5,220215,11번가,3.625
오뚜기 진라면,집에 쉴때마다 주변 마트를 돌아다니면서 싼물건들을 구입합니다만 라면을 세일을 하지않더군요. 너무 비싸다 싶어 포기했지만 인터넷으로 한번검색해보고 바로 구입했습니다. 저희집은 진라면만 먹거든요. 애들도 정말 좋아하고요 판매하시는분께서는 계속 이값에 판매해주세요 먹고 떨어지면 또구입하게요~ 아무튼 잘먹겠습니다. 감사해요,평점5,201013,까까나라,2.3333333333333335
오뚜기 진라면,"수제만 햇 양파 - 알 크기도 적당하고 좋아요.
친환경 당근 - 귀여운 크기. 아기 먹일 거라 사이즈 작아서 좋네요.
오렌지 - 껍질 두꺼운 게 더 많았지만 살짝 싱거운데 맛있어요.
달래 - 달래 간장 만들려고 샀는데 싱싱해 보여요.
우유 - 요즘 자주 사 먹는 우유
요구르트 - 블루베리 갈 먹으려고 샀는데 .

포장이 그냥 한꺼번에 다 때려 담은 거 같아요.",평점4,220415,이마트몰,3.5
오뚜기 진라면,예전엔 안성탕면만 먹었는데 진라면으로 갈아탐 단점 부셔먹는건 별로 이마트 400백원 더비쌈 딴데 세일자주함 울동네 작년까지 코크 자주갔는데 3인가족이라 음식계속남음다음 넘어감 장보고식자재고기야채등등 가격착함 음료 과일은 비쌈 이마트 쑥배송 좋음 여기서 분유 젤쌈 가격 싸다는 느깜없음 가격 경쟁좀신경쓰면 더 잘될것같은데.,평점5,200514,SSG닷컴,4.5
오뚜기 진라면,"별하나도 아까워요
24일에주문했는데 3월4일에 도착함

라면 종류별로 주문했는데
하도안오길래 제가전화함

판매자는 그제서야 품절라면있어서 그런다고..
그럼 팔지를말던지 아님 전화를주던지
아무조치를안함

대구에서 오는거라 코로나19 때문인가 생각하여
품절라면빼고 배송보내달라고함

근데 라면이 대구에서 출발 하여 서울까지 잘도착하는것같았으나 다시 대전으로 출발하는 황당한 배송사고

판매자한테 전화했더니 배송사고까지는 아니라며
분류를 잘못해서 대잔으로갔다나.. 이게배송사고아님 뭐지..

결국다시받은날을 열흘이 지난시점
포장은 그지같고.. 박스는 회손됨
라면박스하나를 옆을잘라 종이대고 테이프 붙임

봉지를 뜯어봤는데 경악.. 지다 깨졌음

결론은.. 여러분 마트에라면 널렸으니
여기서 사는건 다시한번 생각해보세요",평점1,200308,해피유통몰,1.75
오뚜기 진라면,"요즘 한국 라면이 gmo 많이 사용한다고 해서
걱정됩니다 밀가루도 걱정이지만 옥수수전분이 모두 들어가는데 그게 모두 gmo 라 하더군요
한국라면으 터키에 수출하려다 반품 되었다 들었어요
진라면은 어떤가요? 오뚜기와 오뚜기 역사를 정말 애정하는 사람인데요
국민 건강을 위해서, 소비자가 알기 어려우니 알기 쉽고 보기 쉽게 적어주고 광고해주면 감사할 것 같아요",평점3,220805,이마트몰,2.5
오뚜기 진라면,"오뚜기 진라면! 너무 맛있어요. 요즘은 농땡보다 오뚜기가 라면을 좀 맛있게 잘 만드는거 같아요. 저는 진라면 먹을때 계란을 꼭 넣어요. 면이 많이 익는게 싫어서 물끊이고 스프를 먼저 투입!그리고 계란은 풀지 않고 먹는거 좋아해서 면전에 계란을 먼저 넣고 계란이 완숙으로 익으면 그때 면을 넣어요. 그리고 면은 1-2분정도만 삶고 바로 그릇에 담아서 김치와 호로록!
쓱 배송이 너무 좋아요. 제가 사는동네는 큰대도시가 아녀서 바로 배송이 안되지만 이마트 덕분에 ㅆ.ㄱ배송이 되니까 다음날이라도 원하는시간에 바로 받을수 있어서 좋아요. 그리고 이번에 아무대나 배송으로 했는데 왠걸 제가 원하는 시간에 딱 배송이 되는거에요~덕분에 적립금도 받고 제가 원하는시간에 받고 그래서 너무 좋았어요. 아무대나 배송은 다음에도 시킬려구요. . 빨리빨리 이용하시는 분들이 많아서 제가 사는동네도 바로배송이 되면 좋겠어요~그날이 올때까지 쓱.
앗 그리고 우리 엄마가 배송올때 넣어주시는 종이백 너무 실용적이고 좋다고 하더라구요~ㅎㅎ
그냥 여담으로 남겨용~~",평점5,200814,SSG닷컴,3.8333333333333335
오뚜기 진라면,"면음식 좋아해서 라면 자주 먹는편인데, 열라면에 맛들려서 다른브랜드라면 안먹고 오뚜기만 먹기시작한지 벌써 10년이 넘었네요 주로 열라면이랑 진라면 매운맛 이용하는데 그외 라면들도 맛있어서 가끔 애용합니다 요즘은 오뚜기비빔면에 꽂혀서 일주일에 2~3번씩 먹네요 이번에 진라면 매운맛 가격이 괜찮아 구매했습니다 마트보다 저렴하게 구매해서 좋네요 유통기한도 올해 말까지라 마음에 듭니다 잘 먹겠습니다",평점5,200711,11번가,4.0
오뚜기 진라면,역시 빅스마일데이 맞네요 쿠폰 사용 했더니 시중에서 구입한것 보다 거의 3분의2 가격으로 샀구요 배송도 빨라서 좋았어요 우리 애가 진라면 매운맛만 먹어서 자주 사먹는데 마트나 이런데 할인행사해도 이것보단 비싸더라구요 이번참에 대량으로 한번에 사놓으니 걱정?없이 한동안 잘 먹겠네요 이런 행사 너무 좋아요^^,평점5,220523,G마켓,3.25
오뚜기 진라면,주기적으로 떨어질 때 마다 주문하고 있습니다. 올해 가격이 한 번 올라서 이젠 옛날만큼 싸진 않지만 그래도 무난한 가격에 적당한 맛이 메인으로 먹는 라면으로는 딱 좋네요.유통기한은 2022년 5월 2일이라 6개월 좀 안 남았고 충분히 먹을 수 있겠네요. 박스도 한 봉지(5개 들이 멀티팩)씩 빼서 먹기 좋게 되어 있구요.,평점5,211216,11번가,4.333333333333333
오뚜기 진라면,"식구들이 라면을 다 좋아해서 자주 먹고 있어요타브랜드 라면들도 여러 종류 구매해서 팬트리에 항상 보관해 놓아야 맘이 편해요국물 라면도 짜장 라면도 비빔 라면도 요즘에는 볶음 라면과 컵라면도 종류별로 4~5개씩 채워 놓아요특히 진라면은 매운만, 순한맛 다 사다놓는데남편은 얼큰하게 매운 맛을 더 좋아해서 한박스 통째로 구매했어요살짝 튀겨서 라면땅도 해서 먹고 끓여서도 먹구요한박스여도 여러종류여도 금방 먹네요언제 먹어도 맛있는 라면입니다",평점5,220407,11번가,3.0
오뚜기 진라면,"빠른배송 너무좋은것같아요 ㅎㅎ
자주 쓱에 주문하는데 세일때 고기류 주문도 매장가서 사는것보다 편하고 싸게 사는것같아 주문할때마다 기분이 좋아요
무엇보다 쿠폰까지 사용할수있어서
매장보다 더 이득입니다
이마트 쓱 노브랜드 특히 좋아해요

고기 이번에 갈비살 주문했는데
너무 너무 맛있었어요
기름기 좔좔
2팩주문해서 하루 한팩씩 먹었어요 ^^
노브랜드꺼 만두 처음주문해봤는데
평이 좋아 주문했어요
아직 먹어보진 않았지만
기대됩니다
양 이많아서 끓여먹고 구워먹어도 넉넉하겠어요
빠른배송 너무좋은것같아요 ㅎㅎ
자주 쓱에 주문하는데 세일때 고기류 주문도 매장가서 사는것보다 편하고 싸게 사는것같아 주문할때마다 기분이 좋아요
무엇보다 쿠폰까지 사용할수있어서
매장보다 더 이득입니다
이마트 쓱 노브랜드 특히 좋아해요
과자도 맛있는데 어떠한 타 제품 못지않게 컬리티가 좋아요 너무 만족스럽게 항상이용하고있어요
고기 이번에 갈비살 주문했는데
너무 너무 맛있었어요
기름기 좔좔 육즙이 고소하니 맛있게 잘먹었네요
2팩주문해서 하루 한팩씩 먹었어요 ^^
노브랜드꺼 만두 처음주문해봤는데
평이 좋아 주문했어요
아직 먹어보진 않았지만
기대됩니다
양 이많아서 끓여먹고 구워먹어도 넉넉하겠어요
리얼 햄은 가족들이 참 좋아하는데요
일주일에 하나씩은 먹는것같아요
중간중간 야채도 들어있어서 아이들 야채 안먹는데 조금이라도 먹일수있어서",평점5,220517,SSG닷컴,4.588235294117647
오뚜기 진라면,"정말 이렇게 커피상자처럼 라면 뽑아 꺼내먹는 디자인인줄 몰라서 빵 터졌어요 유통기한 6개월인데 정말 6개월 풀로 꽉찬 라면상자 보내주셨네요 2021년 9월 16일까지.. 넘 감사드려요
카드 금액할인 있어 두 상자 구매했는데 라면 좋아하는 가족이라 걱정없네요 봉지만 사다 처음 박스로 저렴히 사봤어요 진라면만 사먹긴 하는데 이렇게 많이 사기도 처음이라 웃겨요 라면은 진라면을 제일 좋아해요 항시 구매중입니다",평점5,210417,롯데마트,3.75
오뚜기 진라면,"고깃집에서 기가 막히게 맛있는 라면을 먹고서부터 신라면에서 진라면 매운맛으로 갈아탄지 2년차인데
여전히 내 입맛엔 최고의 라면.
개인적인 레시피는 라면 투입 즈음해서 차돌배기 서너점 + 다진마늘 1/2 티스푼, 마지막 불 끄기 직전
계란물+대파 약간인데 요즘같은 추위에는 사다 놓은 소 안심살을 제껴 놓고 먹을 정도로 최애.",평점5,210108,SSG닷컴,4.0
오뚜기 진라면,"매니아 중에 한 명입니다.행사기간에 맞춰서 한 박스 40개를 주문했는데 제대로 깔끔하게 도착했네요.박스도 구겨짐없이 도착해서 믿을 만한 곳에서 보냈다는 걸 느낍니다.보통 1팩씩 사서 먹는데, 행사 시즌이라서 저렴하게 구매했어요.많이 저장해 놓고 싶었지만 오래 놔두면 맛이 조금이라도 변할 듯해서 한 박스만 쟁여 놓았습니다.이런 행사 자주 했으면 합니다.",평점5,221111,G마켓,3.0
오뚜기 진라면,"진라면의 깔끔하고 질리지 않는 맛을 좋아하는데요
순한 맛과 더불어 오랫동안 잘 먹고 있어요.
역시 안질리는 맛이예요

순한맛에 비해 당연히 맵고요, 신라면과 비교하면
이게 조금 더 매운 듯해요
첨엔 잘 느껴지지 않지만 먹다보면 매운 맛이 많이 올라와요
매운 거 잘 못먹는 친구는 못먹겠다네요... ㅠ
하지만 저도 아주 매운 걸 잘먹는 편은 아니지만
잘 먹어요 ㅎ 취향차이겠죠.",평점5,211106,롯데마트,3.6
오뚜기 진라면,"주문한지 약 일주일하고도.. 2일 뒤에 도착했네요
늦게 온건 요즘 택배사정 때문에 어쩔수 없는것 같긴 한데..
연락도 없고.. 어찌어찌 연락했더니, 기존 라면 박스가 완전히 파손되서, 다른 박스로 대체해서 배달이 됬네요...
상품은 온전하다고 했긴 하지만, 일부 봉지가 찢겨져 있어서 기분이 참 뭐 합니다...",평점3,201218,옥션,0.0
오뚜기 진라면,유통기한 22년8월중순까지라 넉넉하구요. 파손없이 잘 받았습니다...시중 대형.마트보다 저렴하며 현관까지 배송되니 편해서 좋아요. 매운맛 주문해보고 맛있어서 순한맛으로 부모님댁에도 주문해 드렸어요. 면이 쫀득하니 찰지고 너무얇지도 굴지도않아 걘적으로 대만족...스프도 자극적이지 않아 완전강.추드림.,평점5,220319,11번가,3.3333333333333335
오뚜기 진라면,오뚜기 진라면 정말 오래전 부터 먹고 있는데 먹을 때마다 질리지 않고 항상 맛있네요. 순한맛보다 매운맛에 길들여져 있어 쉽게 바꿀수도 없고 다른 라면은 맛이 없어지네요. 쿠폰이용해서 구매하니 마트보다 저렴하고 코로나로 힘들게 마트 갈 필요없이 집앞까지 배송되니 너무 편합니다. 다른 상품 낱개로 구매해도 스마일 배송이라 한번에 묶음으로 빠르게 받을 수 있어 자주 이용합니다. 다만 아쉬운 점은 유통기한이 너무 짧네요.,평점4,211210,G마켓,3.0
오뚜기 진라면,물건이 덜와서 문의를 하니 상자3개를 같이 보냈는데 한상자가 누락이 되서 제가 못받았다는 겁니다 이해가 안가는게 큰상자에 여유공간이 물건을 넣고도 남는 공간이 있는데 거기에 그 파란뽁뽁이 로 채워두고 확인해보니 택배도 다음날 보냈던데요 애초에 왜 같이 보냈다고 하세요 그냥 잘못해서 누락되서 바로 보냈다고 하시지 라면 두종류나 그러니 기분이 그러네요 좀 진실 되게 하세요,평점2,200523,옥션,2.6666666666666665
오뚜기 진라면,"라면은 오뚜기 진라면 매운맛이죠?ㅎㅎ
트레이더스 장볼때마다 슥~한박스씩 사게되는 라면입니다
이번엔 다른 물건 사면서 인터넷으로 구매해봤어요
배송도 금방오니 편하고 요즘 같은 시기에
마트 직접가기 걱정되고 번거로워 이렇게 주문하게 되었네요
실제론 매번 장볼때 사던 것들인데도 괜시리 비상식량인량 생각되지만
뭐든 쟁여두면 급할 때 유용하게 사용되니
라면 한박스 정도는 떨어질때마다 이렇게 인쇼해야겠어요",평점5,200326,SSG닷컴,3.3333333333333335
오뚜기 진라면,"라면 별로 안좋아 하는데 코로나때문에 물류대란 날까봐 좀 사뒀는데 역시 괜히 샀어요.
택배로 골고루 많이 사서 회사가서 나눌려고했는데 몇 박스산 분도 있어서 나눔 못하고 되려 라면을 더 받아왔어요.
뉴스보고 불안해서 몇 번 라면 휴지 사재기 했는데 오래되면 냄새나서 못 먹어요.
한국 코로나 방역 최고입니다. 앞으로 안하려구요.",평점5,220214,SSG닷컴,3.6666666666666665
오뚜기 진라면,최고입니다저같은경우는 고등학교시절부터자치생활을하다보니 매끼니마다라면이여습니다몇년을 이렇게살다보니ㄴ사 라면은 먹으면 속에서 이상해요화장실을 가게되고그렇게 1년정도 먹지 않은걸로 기억합니다이후 30대 중반부터 라면을또먹기시작했습니다이때부터는 오뚜기 진라면만먹었죠근데 속에서 거부감이 없네요혹시나해서 ㄴ 사 라면을 먹어봤어요 2일먹으니 거부감이 다시생겨서이후지금까지도 오뚜기 진라면만먹고있습니다스프에서 차이가나는건지는 모르지만저의경우는 ㄴ 사스프는 억지 않아요항상응원합니다오뚜기 화이팅 좋은 식제로 앞으로도 많이 부탁드립니다,평점5,220628,11번가,3.5
오뚜기 진라면,"코로나19 재확산때문에 식당방문이 어렵고, 배달음식은 경제적으로 부담이 되고!
건강을 해치지않을 것 같은 비상식량이 라면이잖아요.
맛이나 품질에 대해서는 대한민국 사람이면 누구나 알테니 리뷰는 의미없어요.
추워질 수록 더 많이 찾게될 것 같아요.",평점5,200827,롯데마트,1.0
오뚜기 진라면,"아무리 많은 종류의 라면이 나와도 역시 진라면 매운맛은 진리입니다! 다른거 먹다가도 생각이 나서 항상 구비해 두어야 하는 필수품이 되었어요 ^^
더군다나 여기 이마트몰에서는 다다익선이 적용되어 2개 이상 구매시에는 더 할인 받을 수 있어 좋아요!!",평점5,220317,SSG닷컴,3.25
오뚜기 진라면,나은 삶을 향해 나아가고 있지만 전혀 나아지고 있지 않은 형편. 발버둥 칠수록 배만 고프네요. 추운 겨울 몸 녹일수 있는 방법은 라면에 밥 말아 먹는 방법 밖에 없네요. 국밥 가격이 너무 많이 올랐네요. 진라면도 가격이 점점 올라가고 있고 다른 라면은 너무 많이 올라서 라면 사 먹는 것도 부담되는 시점이 도래하고 있다니..버티는 데까진 버텨봐야 겠지요. 진라면이 현재로썬 최선의 선택이네요.,평점5,220217,G마켓,1.3333333333333333
오뚜기 진라면,"불량제품을 받았는데 처리과정이 너무하네요.
1/10 상품구매
1/11 상품 수령 후 불량 확인
.판매자 연락처 전화통화 안됨
.상품문의에 글 남기고
.상품교환 신청
1/12 택배사에서 반품 물품 수령
.판매자 여전히 통화 안됨
1/14 문의글 답변 받음
.판매자 여전히 통화 안됨
.교환신청 3일째 되는 시점에 교환신청이 되었다고 말해줌;;
.반품물품 입고후 검수해서 상품 재고 여부 확인 후 물품 배송해준다는 내용 확인함
(7일이 지나서도 재발송 처리가 안되면 다시 문의를 해달라고도 한늬 내용 있음)
이런 상황이다보니 취소하고 싶은데, 취소할 방법이 없네요;;
다음주에는 다른지역으로 이동해야 할지도 모르는 상황이라서 택배 받기 힘들지도 모르겠는데;;
정말이지 난감하네요.
판매자님 이글 혹시라도 보시면 전화나 문자까지도 안 바랍니다.
취소, 환불만 부탁드리겠습니다.",평점1,220114,옥션,1.3333333333333333
오뚜기 진라면,도착했다는 문자보고 바로 나갔는데 또!!!! 비닐채로 놓고 가셨고 아이스 그림은 다녹아서 왔어요. 미지근한 국물..드라이 아이스 두개중 하나는 흔적도없이 이미 다 날아갔고.. 그정도로 오랫동안 못올거면 드라이 아이스를 더 쓰시던지.. 아이스크림은 녹았다 얼리면 맛 없는데 저걸 반품할까 하다가 또 녹아서 올것 같아서 반품안했어요. 이제 다시는 주문 안할거예요,평점5,220502,SSG닷컴,3.0
오뚜기 진라면,"환불했는데도 구매평이 써지길래 써봅니다.
보통 40개사면 한박스(40개들이)가옵니다.
근데 여긴 5개들어있는봉지8개를 이상한 다른 박스에 막 돌아다니게해서 보냅니다(완충장치 일체없음). 게다가 봉지에 구멍도 나고... 유통기한 9월6일...악성재고만 파는업자인듯
게다가 환불까지 다 끝났는데 문자로 몇봉지 보냈냐고 오밤중에 문자질에 40개시켰다가 40개분품한건데 8봉지만 반품한거 맞냐고? 몇푼 되도 않는 라면 샀다가 시간낭비에 쇼한거 생각하면 진짜 아우~ 확",평점1,200620,옥션,2.3333333333333335
오뚜기 진라면,원래 라면은 신라면만 먹는 일인인데 갑자기 먹어보고싶기도하고 지인들한테 물어보니 맛있다고 하더라구요 그래서 편의점에서 한끼먹을것만 구입해서 먹었는데 면도 안불고 쫄깃한거같더라구요 가끔 다른거 시도했다가 매번 후회했었는뎅 진라면은 맛나서 놀람ㅋ그래서 매번 신라면만 구입하던 제가 이번에 진라면을 픽했네요~ 고민하시는 분들은 고민안해두 될듯,평점5,210108,SSG닷컴,1.0
오뚜기 진라면,"진라면~~~
신**의 시대는 간듯
개인적으론 진라면이 우리나라 대표 대중적인 맛인듯해요
신**은 과대 포장된듯 면도 쫄깃하지않고 점점 별로 에요
오랬만에 진라면 먹어봤는데 면도 쫄깃하고 스프도 얼큰구수(결국엔 조미료 맛이겠지만)
졌네요

오뚜기가 농심보다 양심적기업인건지?

~",평점5,210621,SSG닷컴,0.0
오뚜기 진라면,"데일리로 주문하던SSG, 코로나이후로 더자주사용하게되네요 맛도 훌륭한선택입니다
배송도 당일 바로오니 더할나위없이 좋습니다 매일매일 먹어도 물리지않고 또찾게되는 자주구매항목의 단골리스트 앞으로도 오백번더 주문하게 될것같네요 무해한성분확인도 포장에 잘표시되어있고 안심하고 먹을수있습니다",평점5,200629,SSG닷컴,3.5
오뚜기 진라면,"잘 받았습니다. 안성탕면을 먹고 있다가 이번에 떨어졌는데, 월말 카드할인 행사 상품에 진라면이 포함돼 있어 구입하게 되었습니다. 배달받은 날 당장 끓여먹었는데, 아! 맛있습니다!!! 역쉬 오뚜기, 요즘 개인적으로 선호하는 회사의 제품이라 더욱 만족합니다. 면이 어찌나 꼬들꼬들한지, 국물 맛도 참 좋네요.",평점5,191201,옥션,4.0
오뚜기 진라면,오래전에 진라면먹고 안먹다가 진라면 매운맛 다시 먹어보고 푹빠짐 이제 항상 쟁여놓고 먹어요라면종이컵에 진라면 넣고 건더기랑 스프넣고 뜨거운물 400ml 적당히 받아서전자렌지에 3분돌리고 계란 톡 깨넣고 젓가락으로 휘젖고 다시 1분돌려서 먹음 꿀맛! 끓여먹는거보다 맛있어요전 계란대신 오뎅 넣고 대파넣어 먹습니다~ 취향껏ㅋㅋ,평점5,210105,G마켓,0.0
오뚜기 진라면,"안녕하세여
집에 라면이 거의 떨어져서, 여기저기 수백군대를 알아보다가 저렴하고, 맛있어 보여서 진라면 40개를 주문하였습니다. 진라면은 한국인의 많이 먹기때문에 저렴한김에 비상금깨서 총 40개나 주문하였습니다. 집까지 잘 도착하였습니다.
그리고, 택배는 아주 깔끔하고, 튼튼하게 포장되어 있더군요 ....
요즘 물가가 너무나 비싸서 저희 같은 서민들은 너무나 부담스러운데 아무리 찾아봐도 다른 진라면 판매하는 곳에 비해서 진라면 가격도 너무나 저렴하고, 어떤 요리를 해먹어도 너무나 맛있을것 같습니다. . .
택배 아주 잘 도착되고.. 택배안 포장도 하나하나 꼼꼼하고, 튼튼하게 . 모두 모두 감사합니다. 수고하세여 *^^*",평점5,200919,옥션,4.0
오뚜기 진라면,신속 배달 되어서 놀랐습니다. 몇일 뒤면 군복무 중인 아들들이 휴가 나오는데 집에 오면 첫번째로 먹고 싶은게 라면이라고 하더군요. 그것도 진라면이 먹고싶데요. 집 앞 가까운 마트에서 라면을 구입하려고 알아보았는데 비싸더군요 그래서 인터넷으로 검색 중 까까나라에서 판매중인 라면을 보게되었고 싸게 잘 산것 같습니다. 잘 먹을께요,평점5,200805,까까나라,4.0
오뚜기 진라면,"쓱배송 늘 이용합니다만,,, 라면은 언제나 안에 부스러기가 되어있거나 너무 으스러져서 오네요. 이번엔 오자마자 정리하는데 부스러기가 막 떨어지길래 보니까 이렇게 터져있음. 반품 귀찮아서 그냥 먹자 하는 분들 많을것 같네요.
아래에 깨지는 상품이 들어있고 무거운 김치가 위에 올려져있어서 그런것 같은데, 식품배송인데 안전하고 간편하다고 자랑하려면 조금 더 신경써야 할 것 같습니다.",평점5,201208,SSG닷컴,0.0
오뚜기 진라면,"달랑 두식구 인데 대용량 좋아합니다. 가족 지인 나눔하면 기분이 좋아지거든요. 40개지만 낱개가 아닌 번들오 되어있어 다 주고나니 우리집엔 정작 10개만^^ 곧 재구매 해야겠어요. 콩나물, 차돌베기넣고 함께 끟여주니 굿굿^^다음번엔 순한맛으로 고고^^",평점5,220719,G마켓,4.0
오뚜기 진라면,"요즘 진라면에 빠져서 항상 구매하네요
올해 아아들이 온라인 수업 때문에 집에서 세끼를 먹기에 라면이 없으면 불안해지네요 가끔 라면으로 해결하는데 편하고 급할때 너무 좋고요 요즘 조합은 진하면에 콩나물 배추 새우나 오징어 가리비 느타리버섯 같은거 넣고 끊여 먹는데 맛있어요",평점5,201206,롯데마트,5.0
오뚜기 진라면,"라면 유통기한이 꽤 길었던거 같은데 석달 남은게
왔네요..그래서 그런지 스프가 눅눅하니 굳어있어서 부셔서 끓여야하는..ㅡ.ㅡ
왠지 면도 쫄깃한 식감도 덜하고..
확실히 그냥 진라면이랑 진라면 플러스랑 맛이
차이가 많이 나네요..
여기서 재구맷한건데 저번에도 좀 그렇더니..
좀 그렇네요..",평점4,210905,뚝이유통,0.0
오뚜기 진라면,"늘 먹는 라면. 매운맛은 여름철에 냉라면으로 만들어먹기 딱 좋습니다.
1. 뜨거운 물을 끓이고
2. 끓이던 물 두세 스푼만 떠서 라면스프+식초 1숟갈, 설탕 1숟갈, +간장 조금 이랑 같이 녹인 후에
3. 면 삶기
4. 소스와 얼음 한 그릇에 두기
5. 행궈낸 면 넣기
6. 집에 있는 고명 얹기(오이, 무채, 깻잎 등)
냉라면용으로 딱인 라면이에요!",평점5,200617,SSG닷컴,0.0
오뚜기 진라면,스마일배송4년가까이주문했는데이토록터지거나찌그러져온경우가처음입니다어지간한건 말도 안꺼내는사람인데박스자체도찌끄러져옴과박스안물건하나하나가옳은게없숩니다 택배상하차중간에던지거나발로차지않는이상이런경우는없다고생각됩니다제택배를이렇게만든사람이그날 일진이사나운날이였을수도있겠죠ᆢ저한테 저택배물은바깥외출어려운부모님위한제가할수있는 최대한의 효도입니다ᆢ택배하나에도 말못할사연이많은데가뜩에나 지치고힘든데ᆢ저찌그러진상품들보니 눈물납니다그냥ᆢ택배물심정을대신해서 적었숩니다ᆢᆢ,평점5,200808,G마켓,2.0
오뚜기 진라면,"언제 먹어도 면발이 쫄깃하고 맛있어요
매운맛이긴하지만 계속 땡기는 맛입니다
유튜브에서 보니까 액젓 한 숟갈과 계란,파를 첨가해서 먹으면 감칠맛이 더 난다고 해서 먹어 봤는데 정말 그런 것 같더라구요
하여간 오뚜기가 라면은 참 잘 만드는 것 같아요",평점5,220807,롯데마트,4.0
오뚜기 진라면,"이 글을 읽는 분들은 참고 하셔서, 저와같은 피해를 보지 마시기 바랍니다. 상품 평가 최악으로 하니 상위에 표시가 안되어서 최고 평가로 남겨서 합니다. 2박스 주문을 했습니다. 개당 3천원 배송비라고 표기하고, 실제로는 2개 박스를 테이프로 붙여서 1박스로 만든 후 보내셨네요. 지금까지 인터넷 구매를 하면서 이렇게 배송비 가지고 사기치는 것은 처음으로 당해보는데 참 어이가 없네요. 반품하려고 하니 타 판매자들도 다들 개당 배송비를 받기에 걍 구매를 합니다. 그리고 판매자님 3천원 아껴서 배 부른신가요? 구매자들에게 배송비 가지고 사기치지 맙시다.",평점5,211110,11번가,3.25
오뚜기 진라면,"신라면 컵라면 박스를 시켰는데, 낱개를 주워모아서 작은박스에 담고 박스가 모자르니 비닐봉투에 쑤셔넣고 사무실로 가져가려고 구매한건데, 저도 바리바리 싸가지고 가야겠습니다.. 박스제품 2개는 아예 테이핑도 안하고.. 홈플러스가 대충플러스가 되었군요, 대체상품 발송 안하고 안보낸 제품 2천원 환불은 빨리 해주시길..",평점1,210802,Homeplus,0.0
오뚜기 진라면,진라면 순한맛은 계속 먹으니 느끼함이 가라앉지 않아 결국 매운맛으로 시도했는데 전혀 그런 느낌 없이 얼큰하게 먹을 수 있었습니다. 옛날에는 순한맛을 제일 좋아했는데 이제믄 매운맛으로 갈아타려고 합니다. 먹다가 국물이 많이 남은 경우에는 도시락통에 따로 담아 저녁 또는 다음 날 아침에 밥에 비벼서 먹고 할 정도로 매운맛을 추천합니다.,평점5,200416,SSG닷컴,0.0
오뚜기 진라면,"한때 진라면만 먹다가 한참을 다른 라면 먹었는데, 요즘 진라면 매운맛에 정착했습니다.
이제는 맵기도 신라면만큼 맵고, 국물도 진라면이 겉돌지 않고 어우러지게 맛있어요. 면을 꼬들꼬들하게 익혀 먹어도 밀가루 생맛이 안 나는 것 같고요.
그래서 부재료를 넣지 않아도 순수하게 라면 그대로의 맛으로 충분한 상품입니다.",평점5,221109,농협하나로마트,4.0
오뚜기 진라면,"진라면 매운맛 40봉 부모님께 보내 드렸는데
조카가 매워 한다고 하셔서 다음에는 순한맛으로 구매 해야겠네요..
항상 구매하는거랴 좋아해세요
수량도 스마일 배송으로 필요할때마다 구매해도 바로 받을 수 있어서 떨어지기 전에 미리 쟁겨두지 않아서도 좋네요",평점5,210523,옥션,0.0
오뚜기 진라면,오뚜기 잔라면이 우리집 주메뉴 라면이라 매번 주문해서 먹는데 한가지 단점은 유효기간이 그리 넉넉하지 않아서 지난번엔 다 먹지 못해 유효기간이 지나 남은것은 어쩔수 없이 버렸습니다. 이번엔 2023년 1월까지 5개월간 유효기간이네요. 조금은 여유가 있지만 그래도 정신차려서 빨리 먹어야 할듯 합니다. 수고하세요~!,평점5,220824,11번가,2.6666666666666665
오뚜기 진라면,"배송 문제없이 잘 놓고 가셨으면 합니다.
스트레스 팍팍 주는 스마일..
상품을 좋은데..왜 한두번도 아닌고..
모르시나~? 왜 자꾸..오는지..??
봐야 .. 잘 놓고 가시네..참말로..
밥 대신 대용으로 먹으니..하루 해결..
내일도 면으로..항상 때우는 식사..ㅠ",평점2,211209,옥션,2.75
오뚜기 진라면,라면이 흰 큰비닐에 담겨있는 개별포장 아니구요~ 스프랑 건더기 스프도 통에 담아서 스푼으로 떠서 넣어야 되는 말 그대로 영업용 입니다!!! 저렴한 가격에 구매해서 불편감수하고 먹고 있어요~~ 봉지 쓰레기는 안나와서 좋아요.,평점3,200409,옥션,1.0
오뚜기 진라면,빅세일때 저렴히 잘샀어요. 든든합니다. 유통기한 짧다는 댓글들이 좀 보이던데 라면이 원래 생각보다 유통기한이 그리 길지가 않아요. 제조일로부터 6개월 정도로 알고있어요. 제가알기로는요. 저는 6월까지로 받았으니 따끈한녀석 받은듯합니다. 앞으로도 행사 자주해주세요. 감사합니다~,평점5,220125,G마켓,4.0
오뚜기 진라면,주문후 다음날 도착 비가 와서 박스 젖었지만 봉지라면이라 괜찮아요 워낙 신랑이 라면사랑이 커서 소비가 장난아님 대량 주문해서 뿌듯 코나때문에 마트도 조심스러운데 감사드립니다 다만 한봉지가 찢어진 상태로 포장되어 있네요 바로 제가 끓여 먹었네요 재구매하러 올게요,평점4,210825,옥션,4.0
오뚜기 진라면,"라면은 **이지 하며 별다른 시도 없이 먹던 것만 먹다가 진라면의 공격적인 마케팅+ 먹방 유행으로 여기저기 자주 노출되는걸 보고 나도 모르게 한번 사 볼까 한게 진라면의 참맛을 알게된 계기라 할 수 있겠네요
일단 그냥 맛있어요 심플한데 나름 깊이가ㅋㅋ
라면을 자주 먹진 않지만 먹게되면 진라면",평점5,210726,SSG닷컴,0.0
오뚜기 진라면,"임박상품이라 아주 착한 가격에 잘 샀어요^^
어차피 라면으로 라볶이 같은 것 먹을 생각으로 구매한 것이기 때문에 괜찮아요^^
일반 사리면보다 라면이 어디에 넣어서 먹어도 맛있더라구요^^
진라면 매운맛은 개인적으로 별로예요.
너무 매워요
무슨 맛인지 느끼지 못하겠더라구요.
^^",평점5,210828,기스트코몰,4.0
오뚜기 진라면,"이제 신*면은 안 먹게 되네요.
어느순간 진라면이 확 맛있어진데다 착한가격이니 계속 사게됩니다.
조금 아쉽다면 생라면맛은 *심을 아직 따라잡진 못하네요. 생라면 뽀사묵는걸 좋아하는데 오뚜기제품라면들은 다 살짝 면맛이 눅눅해서ㅎㅎ 못먹겠어요. 물론 라면은 끼리묵는거지만요.
끓인라면 맛은 진짜 맛나요^^",평점5,210319,SSG닷컴,3.8
오뚜기 진라면,항상 다른 라면만 먹다가 오랜만에 진라면으로 한번 바꿔 봤어요깨끗하고 빠르게 도착했고 유통기한도 넉넉하네요워낙에 라면을 좋아해서 40개 한박스가 한달도 안되어 바닥을 들어냅니다기존라면을 먹다가도 한번씩 진라면을 주문했었는데 이번에는 진라면 다 먹으면 다 먹으면 다시 주문하려구요착한가격에 잘 주문한거 같네요많이 판매하세요,평점5,210703,11번가,4.666666666666667
오뚜기 진라면,"늘,느끼는거지만 스마일배송 라면은4개월이 최대임 잘팔리는 국민라면인데 왤캐최대가짦음ᆢ 대형마트랑 너무차이남~ 대형마트는꽉찬6개월 선입선출너무잘되 신선한거받아 기분좋음~ 너무 비교된다~개선필요..너무많이물류에쌓아놓다보니생각보다안팔려 늘악순환인가! 늘그부은불만",평점3,210726,옥션,3.2
오뚜기 진라면,일단 면발이 부드러우며 적당히 매운맛으로 목넘기기가 편한점과 맛도 제일 낫다는 생각은 4년째 먹으면서 변함이 없답니다.착한 가격으로 빠른 배송해주신 판매자님! 다가오는명절 잘보내시고 사업번창하시길 바랍니다.감사히 잘먹겠습니다~~~,평점5,200925,11번가,4.333333333333333
오뚜기 진라면,유효기간이 3개월 전에 구입한 라면과 같은 7월7일의 라면으로 보냈어요.이게 뭡니까.이런 비양심의 판매자와는 거래 불가능합니다.돈의 노예가 되지 말고 똑바로 사세요.분명히 혼식이니 유통기한 긴걸로 주시라고 말했건만눈이 어두어 무시한 판매자 비양심 신고하세요.,평점1,210417,11번가,1.0
오뚜기 진라면,"필요한 상품이 있어서 쓱닷컴 통해서 구입했습니다.
코로나 때문에 외출이 자제되고 있는만큼 온라인 구입을 많이 하게되는데.
배송도 편하고 가격도 저렴해서. 너무너무 좋네요.

품질 우수하고. 가격 저렴하여 가성비 대비 추천템이에요.
직접 보고 . 만족스럽네요.^^",평점5,210105,SSG닷컴,5.0
오뚜기 진라면,"이전에는 이중포장을 해주셔서 몰랐다가 요근래 계속~
면적에 비해 짧게 만들어진 박스뚜껑 탓인지..
계속 윗면과 아랫면 모두 상품이 노출되게 벌어진 박스에
부피를 줄이기 위해서인지 구멍 뚫린 라면 자체 포장에
위생과 방역을 고려하지 않은 식품 포장에
기업 이미지 자체가 안 좋아지네요.",평점1,211202,옥션,0.0
오뚜기 진라면,오프라인과 비교해도 가성비도 그만이지만 배송도 훌륭하고 아주 만족합니다.요즘같이 장바구니 물가가 비쌀대 인터넷 쇼핑몰 특히 오픈마켓은 아주 훌륭한 쇼핑공간입니다.조금 더 다양한 옵션과 선택이 폭이 넓었으면 하는 바램이 있습니다.가격대비 만족스럽네요. :),평점5,200113,G마켓,4.0
오뚜기 진라면,일주일에 한두번씩 출출할때 점심 간단하게 먹고 싶을때 휘리릭~끓여먹기 편한 라면~~봉지라면은 진라면 진리~~젤 입맛에 잘 맞아요..호불호없는 맛인듯~~넉넉하게 쟁여두니 보기만해도 든든하네요..라면가격 상승중이라 걱정 했는데 저렴히 구매했어요.,평점5,221021,G마켓,3.6
오뚜기 진라면,"코로나이후로 더자주 SSG이용하게되네요맛도 훌륭한선택,,맘에 쏘옥듭니다 냉장고문열때마다 든든해져요
배송도 바로오니 더할나위없이 좋습니다 매일매일 먹어도 물리지않고 또찾게되는 자주구매항목의 단골리스트 앞으로도 오백번더 주문하게 될것같네요",평점5,200925,SSG닷컴,5.0
오뚜기 진라면,"신라면만 먹다가 맛이변해서 그후로는 진라면으로 갈아탔는데 진라면도 맛이 슬슬 변하는것같아요
국물도 깔끔하고 깊은 매운맛이였는데 점점 맵기만하고 기름져가는것같아요
면발이라던가 식감도 달라져서 아쉬워요 꼬들면으로 배합이 돌아왔으면 좋겠어요 간식으로 항상 채워놓는편인데 한동안은 다른것으로 갈아타려구요 안녕진라면",평점5,201124,SSG닷컴,0.0
오뚜기 진라면,항상 애용하고 있는 라면입니다. 개인적으로 매운맛에 약해서 순한맛을 즐겨 먹고 있습니다. 특별 세일기간에 쿠폰과 포인트 덕분에 아주 저렴하게 상품을 구입했습니다. 동네 마트보다 무려 5천원 넘게 싸게 샀으니 횡재한거 맞지요? ㅎㅎ,평점5,191120,11번가,4.5
오뚜기 진라면,"오뚜기 제품은 믿고 사는 편입니다.
여기가 제일 저렴하고 좋네요.
선반에 가득찬 라면과 참치캔이 주방을 든든하게 만드네요.
몇개 끓여먹었는데 역시 맛있군요.
많이 파세요 안해도 많이 팔리는 제품이니 후기 남기는게 무슨 의미가 있을까 싶습니다.",평점5,211117,옥션,4.0
오뚜기 진라면,"중간에 가격도 올렸고 유통기한도 별로네요. 낱개로 다 풀어서 와서 많이 당황 스러운데다, 같이 스마일배송으로 산 볼 펜 문구들이 일일이 다른 박스에 여러개로 담겨와서, 자원낭비라고 생각됩니다. 일을 성의있게 하셨으면 좋겠네요..",평점3,200919,옥션,2.0
오뚜기 진라면,"주문후 사정상 빠른 시간에 취소 신청했는데
바로도 아니고 오후에 이미 출고라 취소 안되니 반품하라 연락 줬던 제품이 이틀 뒤에나 도착했네요.
제품 보다 업무 처리가 불편을 느꼈던 상황입니다.
좀 더 신중하게 구매 하도록 내반성합니다",평점1,211111,옥션,2.5
오뚜기 진라면,"라면은 진라면이죠.
아직 매운 라면은 ㄴ사 걸 찾으시는 분들 많던데
오뚜기처럼 착한 기업이 맛까지 좋은 제품 만드는데
찾지 않을 이유가 없죠~
최근엔 오프라인 매장에서 세일 가격으로
요.
온라인몰도 종종 세일가 판매를 했으면 좋겠습니다.",평점5,200520,SSG닷컴,5.0
오뚜기 진라면,일요일 주문해서 목요일에 받았습니다.cj 파업한다고 해서 기사 확인해보니 일부지역에서 근무하는 노조원들이라고 하네요. 유통기한 2022년 6월 15일까지로 충분합니다.택배사에서 던진건지 박스가 일부 뜯어져 있는거 보면 라면 부스러기가 많이 생길것 같네요.,평점5,211231,11번가,0.0
오뚜기 진라면,"집에 라면없어서 여기저기서 엄청 주문했더니 50개나 되네요
식구가 많아서 금방 다먹겠지만
진라면 매운맛은 역시 진짜 좋아요
애기들때문에 평소에도 배송많이 시켰었는데 지금은 코로나때문에 배송이 느려서 너무 불편하네요
마트별로 돌아가면서 주문하다가 요즘에는 이마트 많이 이용하는데 좋은거같네요
7
요즘같은 시국에 너무나 고생하시는 배송기사님 항상 감사드립니다",평점5,200310,SSG닷컴,4.0
오뚜기 진라면,"사실 제품이 다 거기서 거기일듯 하지만.. 요건 좀 틀리다.
가격대비 가성비가 좋다고 하는 것이 이 제품을 말하는듯하다..
처음에는 가격대비 양이 너무 많은건 아닌가 싶은 생각이 들었지만 먹다보니... 과한 생각을 한듯한 느낌이 든다^^
4인가족이라면 누가누 부담없이 이용이 가능할 듯 하다.. ^^",평점5,210228,SSG닷컴,3.2
오뚜기 진라면,"원래 한 박스에 들어 있던 라면들이 번들 각각으로 박스에 들어있어서 정리지연되어 아쉬웠어요.
스마일배송 추가주문 상품과 함께 와서 인듯 한데 본박스는 그대로 넣고 포장했으면 박스째 보관하기 좋았을 듯 합니다.
라면들도 부딪혀서 부스러기가 더 생길 수도 있으니까요.",평점4,211012,옥션,4.0
오뚜기 진라면,라면은 워낙 필수품이라 11번가에서 한 박스씩 사서 베란다에 쟁여두는 편이에요 박스에 유통기한 6개월이라고 적혀 있는데 22년 4월 18일 주문 기준 22년 8월 26일까지인 상품이 왔어요 조금 촉박하긴 한데 지나도 그냥 먹는 무딘 편이라 괜찮은데 다른 분들은 참고하세요 박스는 파손없이 왔어요,평점5,220426,11번가,0.0
오뚜기 진라면,"진라면매운맛에 계란 하나 풀어서 먹으면 엄청 맛있다는 친구말 듣고 사먹었는데 분식점에서 파는 라면 맛 입니다.
엄청난 맛은 아니지만 가격도 저렴하고 호불호가 그닥 없는 그냥 평범한 라면의 역할을 충실히해서 일단 항상 쟁겨두고있습니다",평점5,211027,SSG닷컴,4.0
오뚜기 진라면,"불매때문에 진라면으로 갈아탄지 오래-
입맛에는 안맞지만 딱히 대체할만한게 없어서..
맛이 튀지 않아서 오히려 이것저것 해먹긴 좋음

1 체다치즈랑 청양고추 넣어서 치즈라면
2 콩나물 + 청양고추 = 개운한 해장라면
3 김치 + 고춧가루 때려넣고 김치라면

이렇게 세개 번갈아 가면서 먹고있어요ㅋㅋ",평점5,200322,SSG닷컴,3.0
오뚜기 진라면,진라면 젤로 맛있네요라면이 몸에 안좋다하지만일주일에 한번은 꼭 먹네요마지막에 슬라이스치즈 한장곁들이면 국물맛이 최고예요그시간이 즐거우면 된거죠유통기한도 넉넉하구요 무엇보다 저렴하게 구매해서 완전 득템이네요,평점5,210506,G마켓,5.0
오뚜기 진라면,"2월에 구매했는데요. 라면 자주 먹는 편은 아닌데, 그 때 한참 코로나때문에 위기 의식이 느껴져서 사람들이 쌀이랑 간편식품 사재기할 때 생전 처음 대용량 구매했습니다. 5개 정도 먹고 지금도 그대로인데, 역시 라면은 진라면이 제일 맛있어요.",평점5,200424,SSG닷컴,2.0
오뚜기 진라면,"코로나로 외출하기도 조심스러운 요즘, 쓱배송은 너무 좋아요.

신선식품 상태 좋구~
품절상품이 좀 많아지긴 했지만 ^-^
집에서 편하게 받고 시간도 아끼고...
쿠폰에 청구할인까지 어려운 시기에 경제적 도움도 되네요.

기사님도 상품 조심해서 있어요.
새벽배송도 빨리 되면 좋겠어요~",평점5,210404,SSG닷컴,3.6
오뚜기 진라면,"신라면과 함께 유일하게 고르는
라면인데 이 라면이 맛있다고들 유투버들이 하도 말하길래 먹장 보다가 이 라면을 처음 알게 되어 기존에 먹던 신라면 대신 가끔 사서 먹어봤는데 고소한 맛이 나고 양도 딱 적당하더라구요 (신라면은 양이 좀 많은데 비해서).라면은 일년에 10-20개 정도 먹는 데 그때 마다 진라면이랑 신라면 새우탕면을 사는데 진라면은 좀 맛이
진하고 고소해서 좋더라구요",평점5,210905,SSG닷컴,4.0
오뚜기 진라면,"진라면 매운맛 맛있어요.
시중 라면 중에서 가격대비 퀄리티 제일 좋은듯...
주문후 배송도 빠르고 사람들이 많이 사먹어서 그런가 유통기한도 항상 넉넉한 걸로 와요.
이번에도 2022년 6월 20일 까지 넉넉해요.
다먹고 또 재구매 할거에요.",평점5,220119,옥션,4.5
오뚜기 진라면,진라면 몇년째먹는 라면이에요.신랑이 라면좋아해서 일주일에 한번은 꼭 라면을 끓여먹네요.전엔 더 자주 먹었는데 살찔까봐 못먹게합니다.마트보다도 훨 저렴하고 라면이 눅눅하지 않고 신선해요. 매콤한데 매운게 오래가지 않아요.떡넣어서 끓여도 맛있어요.,평점5,210218,11번가,3.0
오뚜기 진라면,"배송빠르고 생산일자가 얼마안된 거라 유통기한 엄청 기네요. 내년5월1일까지.
생산된지 얼마 안된건 생면이 바삭하고 맛있어서 신선한 라면 사게 되면 바로까서 생면맛부터 보는데 근데 이거 생면맛은 왜 오래 묵은 눅눅한 맛나지? 실망
어쨋든 빅셀땜에 싸게 샀음",평점4,211107,옥션,1.0
오뚜기 진라면,라면은 오뚜기 진라면만 먹어요 맛도 맛이지만 가격도 좋고 여러모로 만족 스럽습니다 개인적인 취향으로는 파 다진거랑 고춧가루 살짝 뿌리면 더 맛있는것 같아요ㅎㅎ 저는 탱탱한 면을 좋아해서 3분 타이머 맞춰서 끓여먹습니다,평점5,220215,SSG닷컴,4.666666666666667
오뚜기 진라면,원래 열라면만 먹었었는데 열라면은 설거지할때 유독 스프가 섞인 기름이 냄비에 끼어있어서 번거로였는데 그런 현상이 덜한 진라면으로 바꿨습니다. 맛도 있고~ 타사 라면에 비해 살짝 더 싸서 오뚜기 라면만 소비중입니다. 유통기한 2022년 3월 29일까지로 약 5개월 길게 남아있어요.,평점5,211016,11번가,0.0
오뚜기 진라면,이와중에 그래도 스마일배송이라 빠른 편이네요.목요일 도착예정이었는데 수요일에 받았네요. 잘 먹을게요. 라면 좀 쟁여뒀어요. 여긴 대구라서요 .마음이라도 좀 편해지네요 이 어려운 시기도 지나가겠지요 모두들 건강하세요. 봄은 오고 있어요,평점5,200227,G마켓,2.5
오뚜기 진라면,판매자가 늦게보낸건지주문하고 하루지나서야 배송출발떠서너무늦게 도착한건아닌데같이 주문한 다른것들보다 하루늦게 도착했어요.기본제품박스포장인데 다행히 파손없이 잘도착했네요.유통기한은 5달정도 여유.사진은 받은상태 그대로 찍은거예요.,평점4,200409,G마켓,4.0
오뚜기 진라면,"라면은오뚜기진라면이 진리입니다~데일리로 주문하던SSG, 코로나이후로 더자주사용하게되네요
배송도 당일 바로오니 더할나위없이 좋습니다 매일매일 먹어도 물리지않고 또찾게되는 자주구매항목의 단골리스트 앞으로도 오백번더 주문하게 될것같네요 안심하고 먹을수있습니다",평점5,200428,SSG닷컴,4.0
오뚜기 진라면,"1. 배송
하루만에 받아봤습니다. 튼튼한 박스에 들어있어서 잘 도착했네요.

2. 유통기한
라면은 보통 6개월인데, 새 물건인가봐요. 꽉 채운 6개월 남았네요

3.
.

4. 맛
은은하게 매운 .",평점5,220430,위메프,4.0
오뚜기 진라면,창고가 좀 어두워서 사진이 어둡고 흔들려서 나왔네요. 우선 믿고 사는 오뚜기입니다. 맛이 변질되고 가격만 비싸진 신라면을 버리고 몇년 전부터 계속해서 먹고있는 진라면 매운맛!!! 앞으로도 변함 없이 계속 유지하길 바랍니다.,평점4,220122,옥션,3.0
오뚜기 진라면,"진라면은제인생라면이되었습니다.
라면을좋아하지않아서잘사지않고살아왔는데,유럽에갔다준비해온진라면에꽂혀서헌번씩사게되네요.
유럽에우리나라라면이슈퍼좋은위치에진열된걸보게되는날이오다니요.
그맛을지금도잊을수가없답니다.
진라면작은컵이었는데그이후로라면먹을일이있으면진라면입니다.",평점5,210713,SSG닷컴,4.5
오뚜기 진라면,오뚜기 최애라면~~ 가격 저렴하면서도 다른 재료랑 함께 끓였을 때 맛의 조화도 참 괜찮은 진라면입니다~~ 개인적으로 콩나물이랑 굴 넣고 끓였을 때 제일 맛나고 좋더라구요... 여름이다 보니 이제 굴은 힘들고 모듬해물이랑 콩나물 고추가루 첨가해서 끓여먹기 좋아요~^^,평점5,210516,롯데마트,4.5
오뚜기 진라면,"리뷰에 터져서 왔다는 내용이 많았는데 그래도 다행히 터져오지는 않았어요. 김밥 만들어 먹었는데 맛있었어요
영도 많아서 김밥 말고 같이 주문한 짜장면에 먹어도 괴겠어요
이제 단무지 주문해야할?느뉴요걸로 주뭄해서 먹어야 갰어요!!! 배송할때 터져서 배송이 오면 속상하겠디만
그리고 배송할때 오는 커다란 배송퐁투요
봉투도 너무크고 그안에 상품이 가득들어 들수도 없꼬 끌수도 없어요
계란이나 손상되기 수윙 제품을 사면 신경이 많이 쓰이더라구요
???? 안에 큰 비닐봉지가 가득한데 그 빌봉지거 더 많이 나오는데 차라리 종일봉투만 담든 비닐만 담든 둘중에 하나를 하는게 낫겠어요. 보이는 이미지때문에 봉투를 하?거리뷰에 터져서 왔다는 내용이 많았는데 그래도 다행히 터져오지는 않았어요. 김밥 만들어 먹었는데 맛있었어요
영도 많아서 김밥 말고 같이 주문한 짜장면에 먹어도 괴겠어요
이제 단무지 주문해야할?느뉴요걸로 주뭄해서 먹어야 갰어요!!! 배송할때 터져서 배송이 오면 속상하겠디만
그리고 배송할때 오는 커다란 배송퐁투요
봉투도 너무크고 그안에 상품이 가득들어 들수도 없꼬 끌수도 없어요
계란이나 손상되기 수윙 제품을 사면 신경이 많이 쓰이더라구요
이게 자연에 도움이 되기는 하는건가요???? 안에 큰 비닐봉지가 가득한데 그 빌봉지거 더 많이 나오는데 차라리 종일봉투만 담든 비닐만 담든 둘중에 하나를 하는게 낫겠어요. 보이는 이미지때문에 봉투를 하?거라면 정말 종이낭비인더 같아요",평점5,201013,SSG닷컴,3.0
오뚜기 진라면,"살수록 할인하면 꼭 두봉 구매합니다.
아~주 예전엔 신라면을 기본으로 먹었는데 어느 순간 스프맛이 변하면서 내입에 안맞더라구요.
그래서 다른 라면 찾다가 진라면 한번 먹어보고는 쫄깃한 면발과 살짝 매콤하면서 맛난 국물에 반해서 이젠 이것만 먹어요.^^",평점5,201204,롯데마트,4.0
오뚜기 진라면,"잘받았어요.
구매하고보니 업소용마크를 나중에 봤네요.^^ 개별포장은 안돼있고 큰비닐에 30개가 들어있고 건더기스프랑 양념스프 각각1개씩있어요. 비닐은 안나와서 좋을것같지만 집에서 먹으려니 오래먹을거같고 눅질거같아 지퍼백에 5개씩 보관했네요.",평점4,201227,요기요알뜰쇼핑,4.0
오뚜기 진라면,"가족이 라면을 좋아하는데
요즘 시기에는 구하기 어려워서 힘들었습니다..
그래도 이곳은 시간이 조금 걸려도 배송해주셨어요. . 거기에서 조금 감동을 받았습니다.

박스에도 유통기한이 적혀있었고
상품에도 있어서 안심했습니다.

코로나 조심하시고 많이많이 판매하시길 기원합니다.",평점5,200305,배동바지,3.0
오뚜기 진라면,"너무 매운 라면은 못먹고,,, 순한맛은 밍밍해서 그 중간을 찾으시는 분들께 좋을 것 같아요. 제가 그 입맛인데 진라면 매운맛이 적당하더라구요. 다른 부재료들을 첨가해서 다양한 라면으로 변화시키기도 좋구요. 집에 없으면 안되는 상비식입니다.",평점5,210128,SSG닷컴,4.0
오뚜기 진라면,"마트보다 저렴하게 잘 구입했습니다 요즘 식료품 가격도 너무 올라서 혼자서 카레 하려고 재료 사고 음식물 쓰레기 나오는것보다 낫더라구요 공산품도 가격이 모두 올라서 여기가 가장 합리적인 가격인것 같아 감사합니다
김치 있으면 후라이해서 한끼 맛있게 먹습니다",평점5,211102,판다오,4.5
오뚜기 진라면,배송이 완전 최악 개 쓰레기네요. 냉동 식품이랑 일반 식품이랑 뒤섞여서 냉동 전부 녹아있고 봉지 하나 없이 사진처럼 바닥에 아무렇게나 마구 집어 던져놓고 갔네요. 얼마나 쎄게 던졌는지 통조림 캔은 전부 찌그러져있네요. 이게 무슨 짓입니까? 어이가 없어서 말도 안나오네요. 뭐 이딴 배송 기사가 있습니까? 제정신이 아닌 것 같네요. 배송 기사 반드시 문책하길 바랍니다. 이 글 지우면 언론 제보 등 심각하게 대응할 예정입니다. 진심으로 화가 나서 참을 수가 없네요!,평점1,211001,Homeplus,1.4
오뚜기 진라면,"아니 ...너무 오랜만에 사용해서 그런가요 ㅜ
쓱배송 배송완료하면 톡이나 문자가 온걸로
기억하는데 벨이라도 눌러주셔는데 ㅜ
주문시간이 완료되는데도 밤10시가지나도 아무것도 안와서 사이트들어와보니 ㅡ ㅡ 4시에 도착한걸로 ㅜ
그나마 날씨가 비가와서 다행인가ㅜ
아니 일반 배달을 해도 메세지가 오는데
대형마트에서 ㅜ 이제 메세지나 톡 안내 없어진건가요?ㅜ

항상 한봉지 사다 한박스 사봤네요",평점5,210412,SSG닷컴,2.0
오뚜기 진라면,"주문한거 빠뜨리고 환불요청해도 안해주고 재차 요청해야해줌 그것도 적립금으로 해줌 의정부이마트 주문한 물건을 자주 빼먹음 확인 안해서 그냥 넘어간적도 많을거임 저번주엔 단무지 다터져서왔는데 봉지를 3개나 감싸서 온거보니 터진거 알고 그냥 배송한듯 안먹고 다버림, 의정부이마트 문제가 많아요 거의 십년동안 5지역에서 주문 했지만 불만족은 처음 쓰는중",평점5,220203,SSG닷컴,1.0
오뚜기 진라면,항상 다른 라면만 구매하다가 이번에 진라면으로 한번 바꿔봤는데 이라면도 그럭저럭 괜찮은거 같아요백선생 광고 때문이기도 하지만요그런데 오늘 끓여먹어봤는데 이름과는 좀 다르게 진한맛은 좀 덜한거 같아요착한가격에 잘 구입한거 같네요많이 판매하세요,평점5,201219,11번가,4.5
오뚜기 진라면,아이들이 좋아해서 구매했어요. 근데 유통기간이 6개월이라 너무 많이 구해한건 아닌가 걱정입니다. 다른 물건들도 같이 구매해 많이 무거울텐데 친절하게 건네주셨어요? 처음 배달해 보았는데 너무 좋아요. 배달 시간도 잘 맞춰주시고 종종 이용하겠습니다.,평점5,200209,11번가,2.4
오뚜기 진라면,2일전에 도착했는데 갠적으로 바빠서 이제야 후기 올리네요. 전에 신라면 먹었더만 가격에 비해 그램수가 작아 1인1개먹기에 애매해서 다시 진라면 찾게됐네요 역시 진라면이 가성비에 비해 갑이네요 더 저렴하구요. 떨어지면 담에 또 주문할께요. 잘 먹을게요.,평점5,220603,옥션,4.0
오뚜기 진라면,"공부방 학생들 간식으로 라면을 꼭 먹는데 편하다고 컵라면 먹더니 요즘은 돌아가며 진라면 끓여 먹기 하고 있어 여유있게 사두려고 샀어요
생각밖에 반응이 좋아서 사두고도 뿌듯 합니다
박스가 열려서 배송되어 현관에 있었어요 ;;",평점4,220421,옥션,4.5
오뚜기 진라면,라면 가격좀 이제 그만 올랐으면 좋겠다 신라면이 글루텐성분이 없어서 더 좋다고하는데맛이 취향이 아니라서 진라면으로 돌아옴.글루텐 성분 좀 줄여주세요~패키징이 바뀌었네요 안쪽이 은박으로 된 포장이었는데 스낵면같은일반 투명포장으로 바뀜. 포장단가가 낮아졌으니 가격도 낮춰주세요.,평점4,220927,11번가,2.0
오뚜기 진라면,항상 먹던 라면이라서 구매했는데요.. 6일날 구매했는데 풍절인걸 미리공지 해줬으면 좋았을뻔했어요... 10일넘어서 전화해서 품절로 출고가 늦어진다고 말해주네요 기다린 시간이 아까워서 취소하기도 머해서 괜찮다고 하긴 했는데 다음번에 재구매 할거같지는 않아요,평점4,210114,인터파크,2.0
오뚜기 진라면,'라면은 ㄴㅅ *라면 !' 이라는 고정관념으로 그것만 사 먹다가 이번에 진라면 매운맛으로 사서 먹었는데 면발이 쫄깃하고 국물맛도 개운하고 매콤하여 스프도 대만족 했습니다. 기업 이미지도 좋고 경영인(기업인?) 이미지도 좋아 제품을 먹어보니 맛도 좋네요. 당면은 조금 비싸더라도 오뚜기 당면만 사먹고 있는데 라면은 안 먹었거든요.ㅋ 라면은 면발도 중요하지만 스프맛도 좌우 하니까요~ 당면 잘 만드시니 면발은 잘 만드실꺼라는 믿음이 있었지만... 라면 스프도 잘 만들까 하는 불안감? ㅎㅎ,평점5,210825,SSG닷컴,4.1
오뚜기 진라면,중간에서 항상 수고 많으신 택배기사님께감사드리고 상품은 깔끔히 포장 돼어 안전하게 왔습니다. 진라면 처럼 가격대비 품질 좋은 라면이 또 있을까?개인적으로 국민 라면 이라는 느낌이 들정도입니다.감사히 잘 먹겠고 다음에 또 구입 하겠습니다.,평점5,200918,G마켓,4.666666666666667
오뚜기 진라면,사실 이렇게 라면을 엄청나게 사고 싶지 않은데두번째 이렇게 구매하게 되었네요그만 먹어라 덜 먹어라 안통해요그래서 그냥 아예 박스로 사버리게 되었어요너무 많다 싶었는데 엊그제 딸이 하나를 꺼내면서 두개 남았어요 그러길래~언제나 덜 먹으려는지~,평점5,220907,G마켓,5.0
오뚜기 진라면,오뚜기 자주 이용해요. 특히 정규직 전원 전환 할때부터 좋은 기업 이미지를 가지고 있어서 먹을거리는 거의 다 오뚜기로 구입합니다. 좋은 재료로 만든다는 믿음이 있다고나 할까요. 저렴하기도 해서 서민들에게는 꼭 필요한 기업입니다.,평점4,200507,오뚜기몰,4.666666666666667
오뚜기 진라면,"타사 매운라면이 저에겐 너무 매워서 라면은 진라면을 항상 구입하는데요. 라면값도 많이 올랐는데, 쿠폰이 있어서 저렴하게 구입하게되어 더 좋네요. 전에 구입했을때는 5매 묶음 포장지가 약간 도톰한 것이 었는데. 가격 때문인지는 몰라도 묶음 포장지가 그냥 비닐 이에요. 그게 중요한건 아닌것 같아서 저렴하게 구입하게 된것이 더 만족합니다.",평점4,220925,G마켓,0.0
오뚜기 진라면,집에 비축해뒀던 라면이 바닥이 나서 구매를 했습니다. 형님께서 예전엔 라면을 좋아하지 않으셨는데 60대가 넘어가니 라면을 많이 좋아하시네요.^^~ 그래서 이번엔 40개들이 한박스를 구매하였네요. 제방엔 5개들이 두 봉만 챙겨두고 다 드렸습니다. (한집에 같이삽니다. 저는 점심때 혼자 식사용),평점5,210713,옥션,2.5
오뚜기 진라면,오뚜기 제품을 무조건 사는 이유는 맛도 맛이지만 그기업의 윤리의식을 좋아하고 존경하기 때문입니다. 이마트의 오너가 일베충이라면 다시는 이딴곳을 이용할 이유가 없습니다. 제대로된 해명과 사과가 없다면 다시는 이용하지 않을겁니다!!!,평점5,210529,SSG닷컴,4.333333333333333
오뚜기 진라면,진라면 매운맛 맛있어요배송도 빠르고 가격도 저렴하게 구매했어요가족들이 라면을 좋아해서 자주 먹게 되어 박스로 구매했는데벌써 몇개 안남았어요아들은 신** 을 좋아하고 남편은 진라면을 좋아하고저는 너**를 좋아해서 각 종류별로 한박스씩 구매했어요진라면 매운맛은 계란을 꼭 넣어아 훨씬 맛있더라구요오랜만에 진라면 먹으니 맛있었어요남편은 술마신 다음날 꼭 해장으로 진라면 찾더라구요맛있게 잘 먹고있어요,평점5,220105,11번가,4.75
오뚜기 진라면,"이 가격에 온라인으로 6개월이란 넉넉한 유통기한이 있는 진라면을 구매할 수 있는 곳은 제가 알기로 이마트몰 쓱 트레이더스 뿐입니다.

보통은 온라인에서 저렴한 가격으로 구매해도 40개당 배송비가 붙는데다 심한 경우 유통기한이 2달 정도밖에 안되는 곳도 있었거든요.",평점5,221029,SSG닷컴,2.5
오뚜기 진라면,박스 열어보고 화들짝... 라면이 모두 깨댕이가 벗겨져 있네요 ㅋ봉지가 없으니 얼마나 이상하던지.. 한개씩 꺼내먹고 나머지 보관하기가 쫌 그렇겠네요. 이번에 먹어보고 라면들이 보관이 애매해서 마르거나 문제가 생기면 봉지가 각각 있는걸로 사먹어야죠.,평점4,210521,옥션,0.0
오뚜기 진라면,"대체 분할출고된건 언제보낼껀가요?어제주문한것도 오늘왔는데며칠전 주문한건 아직도 집하상태.그리고 위상품은 누락인건지 뭔지분할출고된게 움직이지않으니 알수가없네.그리고, 구매내역서는옥션껀데 주문하지도않은 내역들이라자세히보니 왜 다른사람내역서를보낸건지??",평점4,210207,G마켓,4.0
오뚜기 진라면,어제 시켰는데 20시간안에 도착해 깜놀하지만 시킬때부터 유통기한땜에 신경쓰여 글이 너무 작아 확대까지 해봤는데 잘 안보이더만 역시나 유통기한이 너무 짧네요... 유통기한 표시 잘해주시기 바랍니다배송비까지 받으시면서 이건 아닌거 같네요반품하려다 상품평 남깁니다,평점1,200831,G마켓,2.75
오뚜기 진라면,라면 켐핑가서 끓여 먹으려고 20개 주문했는데 스프가 맵지 않고 좋아요 에전에는 신라면 구입했었는데 스프가 너무 매운데 고추가루 종류가 안인 켑사인같은것을 첨가 한것처럼 멥어서 뒷맛이 나빠서 이번에는 진라면으로 바꾸었습니다...,평점5,200716,태미유통,0.0
오뚜기 진라면,"장난하나요 엘레베이터 내리자마자 발치에 걸리게 우리 물건이 이렇게 바닥에 굴러다니고 있네요
바쁘신지 어떤지 모르겠지만 먹는 음식 주문한건데 이렇게 문앞도 아니고 진짜 기분 더럽네요
앞으로 쓱배송 주문해야할지도 고민되네요",평점5,200909,SSG닷컴,0.0
오뚜기 진라면,일요일 주문해 월요일 오전중 수령함요. 유통기한은 21년 4월입니다. 저는 개인적으로 농시*라면을 좋아하는데 아이와 남편은 진라면을 좋아하더라구요. 면발이 꼬들꼬들하고 잘 안불고 맛있다네요. 마스크 주문하면서 배송비때문에 합포장으로 담아봤습니다.,평점4,201103,11번가,2.5
오뚜기 진라면,"진라면 맛있습니다
참고로 이마트 쓱배송은 이제 이용 못할것 같네요.
한 여름에 고기 채소를 커다란 봉지에 냉매제 하나
맨아라 넣어뫃고 고기 맨 위에 놓고 봉지 다 풀어헤친채 두고가면 어쩌란건지... 연타 두번째라 화가나네여. 쿠*은 따라잡을 일이 없을 듯
쓱배송 불만사항 좀 남겨보았습니다.
시정이 되었으면 합니다",평점1,220727,이마트몰,1.6666666666666667
오뚜기 진라면,"이전에 매운맛과 순한 맛을 먹어봤는데
순한 맛이 좀 비위에 안맞아 매운맛을 주로 먹었었어요.
그래서 오랫만에 매운맛을 예전에 먹던 기억으로 주문했는데
먹어보고 깜짝 놀랐어요.
너무 매운 거예요.
그 사이 제 입맛이 갑자기 변한 걸까요?

어떻게 된 거죠?
두 개나 샀는데 전 매운 걸 잘 못먹어요.
.",평점5,210208,SSG닷컴,3.75
오뚜기 진라면,진라면 매운맛은 진짜 맛있어요!최고최고 항상먹어도 맛있고 물리지 않는 라면중하나!고기도 들어있으니ㅎㅎ찌꺼기 좋아하는 1인 ㅋ오늘은 푹익어서 그냥먹기 쉰 백김치를 넣코 라면2개끓여서 먹었어요.스프는1개반만 넣었구요.진라면 자체가 맛있는데다 백김치가 들어가니 와 진짜~~~찐♡미쳤다리♡순한맛도 먹었었는데 순한맛은 작은용기컵라면이 최고인듯.개인적인 생각이예요!40개2만원조금넘게주고 구입했는데 지금은 쫌더싸네요~~~코로나 필수품.팍팍 쟁여두세요~~~존맛탱♡유통기간2021.6 아주 넉넉♡배송 총알 완젼 최저가♡,평점5,210107,11번가,3.875
오뚜기 진라면,"오랜만에 라면 박스로 사봅니다.
유효기간은 2022년4월12일까지로 되어 있습니다.
단독주택이라 비 나 물에 젖을수도 있고해서 문 앞에 두지 말고 현관에 놓아 달라고 배송란에 메모까지 했는데 또 대문 앞에 놓고 갔습니다. 대문은 항시 오픈 상태. cj택배만 대문에 놓고 갑니다. 역시 박스 다 젖어 반품하려다 내용물은 비닐봉지에 포장되어 있어 한 번 더 참습니다.",평점4,211111,옥션,0.0
오뚜기 진라면,"계속 타사의 제품을 먹다가 우연히 진라면 매운맛 라면을 먹고는 놀랐다.일단은 면빨이 쫀득한 것에 놀랐다. 아무리 잘 끓려도 탱글하게 만들 수 있지만, 쫀득하게 끓이는 것은 불가능했는데...그리고 국물맛도 상당히 좋아서 구매했다.",평점4,220303,11번가,4.5
오뚜기 진라면,"역시 라면은 갓뚜기~ 쿠지라이식 라면이나, 열라면 + 순두부 대신 진라면매운맛에 순두부 넣고 청양고추 팍팍 넣고 김치 쪼금넣고 끓여먹으면 순두부 찌개얘요. 신랑이 라면 순정파인데 순두부 라면은 맨날 먹고 싶다고 끓여달라고 함.
또다른 변화를 원할땐 김치 한컵 넣고 끓이다가 라면 넣고 가루넣고 마지막에 참기름 둘러주면 그것도 밥도둑.",평점5,201119,SSG닷컴,2.0
오뚜기 진라면,받아서 직원들과 끓여 먹었는데 다들 맛있다고 합니다면발이 참 꼬들꼬들 한게 정말 맛이 좋아요진라면은 역시 얼큰하고 깊은 국물 맛이 정말 맛있습니다. 아무것도 첨가하지 않아도 정말 끝내주게 맛있는 맛 진라면 좋아요^^유통기한도 12월17일까지로 넉넉해 좋네요(사진 참조),평점5,220712,G마켓,4.5
오뚜기 진라면,우리 초4 딸이 그러더라고요. 라면은 진매 라구요 ㅎㅎ이번에는 캠핑때 진라면 매운맛으로 가져가려고 샀습니다. 2봉지 이상 사면 10프로 할인이라길래 얼른 샀구요. 선선한 날씨에 진라면 매운맛 끓이면 캠핑은 말이 필요없이 대만족일듯 싶네요,평점5,220929,SSG닷컴,4.333333333333333
오뚜기 진라면,"라면중에 젤 식감이 좋아여 쫄깃쫄깃하니~~
맵기도 사람마다 취향이 있긴하지만 저희 가족에겐 적당히 매워서 매운거 잘 못먹는 저에게도 딱이예여
얼마전 다른 라면에 도전하느라 다른걸 샀더니
아들이 라면은 진라면이 최고라고",평점4,210119,Homeplus,4.0
오뚜기 진라면,"1. 주문 후, 다음날 반나절만에 배달되어 배송이 무척 빠릅니다.2. 가성비가 매우 훌륭해서 다 먹은 후 추가 주문할 예정입니다.3. 포장지가 매우 단단해서 제품 파손은 걱정 안하셔도 될 것입니다. 다만, 부탁드리고 싶은 것은 배송스티커를 박스 개봉되는 부위에는 가급적이면 붙이지 말아주시길 바랍니다. 개봉시 칼집 내기가 어렵습니다.",평점5,220711,G마켓,1.0
