type,review,star,date,site,Unnamed: 0.1,Unnamed: 0,index,score
푸르밀 검은콩우유,"배송 좋았구요
상품 좋아요",5,221117,롯데마트,,,,0.0
푸르밀 검은콩우유,맛좋고 고소하고 가격도 편의점 보다 싸요 추천합니다.,4,221116,푸드앤코스트,,,,5.0
푸르밀 검은콩우유,푸르밀 대표상품 맛있어서 주문했어요.:),5,221116,롯데마트,,,,0.0
푸르밀 검은콩우유,"유통기한이 짧아서 아쉽지만 이거만큼 맛있는 검은콩 우유는 못봤습니다. 이제 못본다는게 아쉽지만 푸르밀 직원만큼은 아니겠죠... 그동안 고생 많으셨습니다
30일까지 잘 마무리 하시고 다른 곳에서는 좋은 날만 있기를 기도합니다",5,221115,푸르밀 공식 스토어,,,,4.0
푸르밀 검은콩우유,저렴하게 잘산것 같아요 좋아요,5,221115,GS 프레시몰,,,,0.0
푸르밀 검은콩우유,"달달하고 고소한ㅓ익숙한 맛
사업종료한대서 급하게 샀는데 안 한다는 건 유머",5,221114,GS 프레시몰,,,,3.0
푸르밀 검은콩우유,포장도 잘 되어서 오고 고소해서 맛있었어용~,5,221114,푸르밀 공식 스토어,,,,4.0
푸르밀 검은콩우유,맛있어요 이제 단종된다니 너무 슬퍼요,5,221114,푸르밀 공식 스토어,,,,0.0
푸르밀 검은콩우유,초딩때마니먹던 검은콩우유ㅜ맛잇다,5,221113,푸르밀 공식 스토어,,,,2.0
푸르밀 검은콩우유,그냥 평범한? 그래요.,3,221113,GS 프레시몰,,,,0.0
푸르밀 검은콩우유,배송은 늦었지만 신선하게 꼼꼼히 포장되어져 왔네요 잘먹을게요,5,221112,푸드앤코스트,,,,4.0
푸르밀 검은콩우유,이제 못 먹는다는게 아쉬워서 시켜봤어요ㅠㅠ 여전히 맛있네요,5,221112,푸르밀 공식 스토어,,,,3.0
푸르밀 검은콩우유,넹 저는 두유보다 더 단 느낌이었어요,5,221112,GS 프레시몰,,,,0.0
푸르밀 검은콩우유,너무 좋습니다! 배송도 빨랐어요,5,221111,GS 프레시몰,,,,0.0
푸르밀 검은콩우유,"어렸을 때 제가 콩을 싫어해서 부모님이 매일 이걸 사주셨어요. 너무 맛있어서 매일 이거 한통씩 먹었습니다. 성인이 되서도 가끔 생각나서 하나씩 사먹긴 했었는데 갑자기 푸르밀이 판매중단한다고해서 급하게 시켜봤습니다.
아직도 맛있는데....정말 아쉬워요..",5,221110,푸르밀 공식 스토어,,,,2.0
푸르밀 검은콩우유,재주문 합니다~ 맛있어서 금방 먹었네요,5,221110,푸드앤코스트,,,,0.0
푸르밀 검은콩우유,어릴때 맨날 마시던건데 이제 없어진다니ㅜㅜㅜ,5,221110,푸르밀 공식 스토어,,,,0.0
푸르밀 검은콩우유,배송도빠르고 맛잇게 잘먹겟습니다,3,221109,푸르밀 공식 스토어,,,,4.0
푸르밀 검은콩우유,배송 빠릅니다! 저렴하게 잘샀어요,5,221109,GS 프레시몰,,,,4.0
푸르밀 검은콩우유,고등학교때 수련회에 갔다가 사먹고는 초코 우유도 아닌데 왜이리 맛있지 하고 감탄했는데 이제 사라지다니.. 벌써 롯마몰에서도 안 보이다니 슬프네요 내추억 ㅠㅜ 고소하고 달콤한 검은콩우유ㅜㅠ,5,221108,롯데마트,,,,4.5
푸르밀 검은콩우유,배송도 깔끔하게 오고~~역시...너무 맛나요..!,5,221108,푸르밀 공식 스토어,,,,5.0
푸르밀 검은콩우유,계속 먹고 싶어요 너무 아쉽네요,5,221108,푸르밀 공식 스토어,,,,0.0
푸르밀 검은콩우유,유통기한이 짧아서 아쉬워요,5,221108,푸르밀 공식 스토어,,,,0.0
푸르밀 검은콩우유,"뒤늦게 빠져서 바로 결제했네요,,, 안사라지면 좋겠어요",5,221107,푸르밀 공식 스토어,,,,0.0
푸르밀 검은콩우유,짱짱 맛 검은콩우유~ 푸르밀 왜 없어지냐구용~!!ㅠㅠ,5,221107,푸드앤코스트,,,,0.0
푸르밀 검은콩우유,안그래도 마시고 싶었는데 곧 없어진다길래 그매했어요. 오래도록 맛을 기억할래요,5,221107,푸르밀 공식 스토어,,,,0.0
푸르밀 검은콩우유,맛있는데 사라지는 제품이라 아쉽다,5,221107,푸르밀 공식 스토어,,,,2.0
푸르밀 검은콩우유,맛있어요 싸게 잘산것 같아요,5,221107,GS 프레시몰,,,,0.0
푸르밀 검은콩우유,너무 달아서 콩맛이 안나요,3,221106,GS 프레시몰,,,,0.0
푸르밀 검은콩우유,검은콩우유 사랑해요♡,5,221106,GS 프레시몰,,,,5.0
푸르밀 검은콩우유,배송빠르고 좋습니다 잘 먹겠습니다,5,221105,푸르밀 공식 스토어,,,,4.0
푸르밀 검은콩우유,좋아요좋아요좋아요좋아요,4,221105,GS 프레시몰,,,,0.0
푸르밀 검은콩우유,맛잇어요!! 잘먹을게요,5,221104,푸르밀 공식 스토어,,,,4.0
푸르밀 검은콩우유,검은콩 우유 맛있어요. 재구매할께요.,5,221103,GS 프레시몰,,,,0.0
푸르밀 검은콩우유,안전빵으로 겁나 잘왔어요,5,221103,밀크코스트코,,,,4.5
푸르밀 검은콩우유,너무 맛있었는데 푸르밀이 사라진다뉘 아쉽네여,5,221102,푸르밀 공식 스토어,,,,0.0
푸르밀 검은콩우유,오랜만에 마시고 싶어서 샀어요. 너무 맛있습니다.,5,221101,GS 프레시몰,,,,0.0
푸르밀 검은콩우유,착한 가격 빠른배송 감사합니다.,5,221101,푸르밀 공식 스토어,,,,5.0
푸르밀 검은콩우유,감사합니다 빠른 배송 잘 받았습니다 많이 파세요,3,221101,푸르밀 공식 스토어,,,,4.0
푸르밀 검은콩우유,배송도빠르고 맛나요 ㅎㅎㅎ,5,221101,GS 프레시몰,,,,0.0
푸르밀 검은콩우유,즐겨먹던건데 없어진다니 아쉽네요,5,221031,푸르밀 공식 스토어,,,,5.0
푸르밀 검은콩우유,샷 추가해서 먹으면 맛있어요!!ㅠㅠ,5,221031,푸르밀 공식 스토어,,,,0.0
푸르밀 검은콩우유,좀 달지만 아이가 좋아해요,5,221031,롯데마트,,,,0.0
푸르밀 검은콩우유,푸르밀 최고~ 응원합니다,5,221031,푸르밀 공식 스토어,,,,5.0
푸르밀 검은콩우유,제품이 시원한상태로왔어요,5,221030,푸르밀 공식 스토어,,,,0.0
푸르밀 검은콩우유,너무 아쉽지만 너무 맛있어요 ㅠㅠ,5,221030,11번가,,,,0.0
푸르밀 검은콩우유,"배송깔끔히오구 물건도다좋았습니다
간만에 집에서해먹엇네여",5,221029,GS 프레시몰,,,,0.0
푸르밀 검은콩우유,아이가 너무 좋아하는 우유라 샀어요,5,221029,GS 프레시몰,,,,5.0
푸르밀 검은콩우유,"유통기한도 좋고 예전에 먹었던 맛 그대로에요

이제 못먹을 생각하니 아쉽네요 ㅠ",5,221028,푸르밀 공식 스토어,,,,3.3333333333333335
푸르밀 검은콩우유,이거 편의점 있을때마다 끼니용으로 좋았는데ㅠ,5,221028,푸르밀 공식 스토어,,,,2.0
푸르밀 검은콩우유,"배송 오자말자 2통 먹어서 이제 6통 남음...
겁나 맛있는데 .. 이젠 뭘먹어야되냐ㅠㅡ",5,221028,푸르밀 공식 스토어,,,,0.0
푸르밀 검은콩우유,처음 시켜보는데 마실만해요,5,221028,늘푸르다,,,,0.0
푸르밀 검은콩우유,"맛도 좋고 유통기한도 제법 되네요.
이제품 평생 먹고 싶은데 이젠 안되겠죠?",5,221027,푸르밀 공식 스토어,,,,5.0
푸르밀 검은콩우유,이제 없어진대서 급하게 구매했어요…ㅠㅠ 역시 너무 맛있어요 제 추억의 우유!,5,221027,푸르밀 공식 스토어,,,,2.0
푸르밀 검은콩우유,고소하고 부드럽고 맛있어요,5,221027,푸드앤코스트,,,,4.0
푸르밀 검은콩우유,"이 맛있는걸 이제 못먹는다니 아쉽네요
너무 맛있습니다",5,221027,푸르밀 공식 스토어,,,,3.0
푸르밀 검은콩우유,상품이 단종되기 전에 많이 구매해 봤어요 맛있게 잘 먹고 있어요 아쉽습니다. 😭 수고하셨습니다.,5,221027,푸르밀 공식 스토어,,,,3.3333333333333335
푸르밀 검은콩우유,넘 맛있는데 이제 멋먹어서 슬프당 ㅠ,5,221026,푸르밀 공식 스토어,,,,3.5
푸르밀 검은콩우유,정말고소하고 맛있어요,5,221026,늘푸르다,,,,0.0
푸르밀 검은콩우유,배송 빠르고 좋았어요,5,221026,푸드앤코스트,,,,0.0
푸르밀 검은콩우유,완전 맛나요~~!!!,5,221026,GS 프레시몰,,,,0.0
푸르밀 검은콩우유,받자마자 한통비웠네요.. 왜케맛있죠.. 이제 못먹는건가요ㅠㅠ,5,221025,푸르밀 공식 스토어,,,,3.0
푸르밀 검은콩우유,없어지지 마세요 검은콩우유는 만들어주셈,5,221025,푸르밀 공식 스토어,,,,0.0
푸르밀 검은콩우유,역시 너무 맛있어요,5,221025,푸르밀 공식 스토어,,,,0.0
푸르밀 검은콩우유,"맛있어요 ㅋㅋ 유통기한은 11.2까지였어요
근데 작은게 더 맛있는 느낌은 기분탓이겠죠?",5,221025,푸르밀 공식 스토어,,,,5.0
푸르밀 검은콩우유,이이들 간식으로 좋습니다 고소합니다,5,221025,GS 프레시몰,,,,0.0
푸르밀 검은콩우유,편의점 가서 있으면 무조건 구입했던 검은콩우유 더 이상은 못먹는다니 속상해요 그동안 좋은 제품 감사했습니다,5,221024,푸르밀 공식 스토어,,,,4.0
푸르밀 검은콩우유,다른것 검은콩우유먹어도 이정도의 맛이 나오는데를 못봤어요,5,221024,푸르밀 공식 스토어,,,,3.0
푸르밀 검은콩우유,이제 마지막 인가요?,5,221024,푸르밀 공식 스토어,,,,0.0
푸르밀 검은콩우유,유통기한은 10월 30일까지 길진않네요 배송은 좋아요,4,221023,푸드앤코스트,,,,0.0
푸르밀 검은콩우유,"사라진다니 아쉬운, 그러나 두유 맛",4,221023,롯데마트,,,,0.0
푸르밀 검은콩우유,싸고 맛있게 잘 먹고있습니다 푸르밀 사라지지마 ㅜㅜ,5,221022,GS 프레시몰,,,,4.5
푸르밀 검은콩우유,맛있고 좋아연 다음번에도 꼭 여기에 시켜야겠음,5,221022,푸르밀 공식 스토어,,,,0.0
푸르밀 검은콩우유,맛있는 우유를 진작 몰랐네요~~,5,221022,푸르밀 공식 스토어,,,,5.0
푸르밀 검은콩우유,너무 좋아하는 검은콩우유,5,221022,GS 프레시몰,,,,5.0
푸르밀 검은콩우유,푸르밀 없어진다 그래서 마지막으로 시켰어요ㅠ어릴때부터 좋아했어요,5,221020,푸르밀 공식 스토어,,,,2.0
푸르밀 검은콩우유,배송이.좋아요.만족.,4,221020,롯데마트,,,,5.0
푸르밀 검은콩우유,배달이 엄청 빨리와요,5,221010,GS 프레시몰,,,,0.0
푸르밀 검은콩우유,배송도 무난하고 터짐없이 안전하게 도착했어요 유통기한은 보통입니다.,3,221007,푸드앤코스트,,,,0.0
푸르밀 검은콩우유,맛있어서 항상 구매합니다.,5,220924,GS 프레시몰,,,,0.0
푸르밀 검은콩우유,아이들도 맛있다고 잘 먹어서 흰우유 대신^^,5,220920,롯데마트,,,,4.0
푸르밀 검은콩우유,상품좋아요. 자주구매합니다.,5,220920,롯데마트,,,,0.0
푸르밀 검은콩우유,맛있어용 담백해요 재구매의사있음,5,220913,GS 프레시몰,,,,0.0
푸르밀 검은콩우유,"맛있네요
앞으로 또 이용해야겠어요",5,220909,롯데마트,,,,0.0
푸르밀 검은콩우유,"검은콩우유
처음 구매해봤는데 맛있네요.
재구매의사 있어요",5,220909,롯데마트,,,,0.0
푸르밀 검은콩우유,가끔은 머리 빠지지 말라고 먹어 준다,5,220905,GS 프레시몰,,,,0.0
푸르밀 검은콩우유,첨 먹어보는데 고소하고 맛있어요,5,220902,GS 프레시몰,,,,0.0
푸르밀 검은콩우유,좋은 상품 잘받아요,5,220827,롯데마트,,,,4.5
푸르밀 검은콩우유,날짜도 만족스럽고 안전하게 배송해주셔서 감사합니다.,5,220820,GS 프레시몰,,,,0.0
푸르밀 검은콩우유,갑자기 검은콩 두유가 마시고 싶었는데 이렇게 대용량이 있어서 좋아요.,5,220819,GS 프레시몰,,,,0.0
푸르밀 검은콩우유,저렴하고 맛있어요 자주 주문해요,5,220819,GS 프레시몰,,,,0.0
푸르밀 검은콩우유,또 땡겨서 재주문각입니다,5,220819,푸르밀 공식 스토어,,,,4.0
푸르밀 검은콩우유,중독성 강한맛 ㅎㅎ,5,220819,푸르밀 공식 스토어,,,,3.0
푸르밀 검은콩우유,지에스프레시에만 있는 요 검은콩우유 늘 두개씩 주문합니다,5,220818,GS 프레시몰,,,,0.0
푸르밀 검은콩우유,할인받아 가성비 최고입니다ㅎ,5,220815,GS 프레시몰,,,,4.5
푸르밀 검은콩우유,제가 검은콩 우유를 오지게 좋아해서 빨리 먹을거 같긴 한데 유통기한이 좀 짧아요…,3,220810,푸르밀 공식 스토어,,,,0.0
푸르밀 검은콩우유,늘 재구매하는 상품입니다. 맛있어요~~~^.^,3,220810,롯데마트,,,,0.0
푸르밀 검은콩우유,가성비 아주아주 좋아요,5,220810,롯데마트,,,,0.0
푸르밀 검은콩우유,행사로 가성비 최강이여,5,220809,GS 프레시몰,,,,0.0
푸르밀 검은콩우유,울 아들이 젤 조아하는 우유에요,5,220806,롯데마트,,,,5.0
푸르밀 검은콩우유,고소해요 가격도괜찮고,4,220801,롯데마트,,,,4.0
푸르밀 검은콩우유,"자주 사먹는 제품이에요 ~
맛이 고소하고 좋아요",5,220731,롯데마트,,,,0.0
푸르밀 검은콩우유,좋은상품 저렴하게 구매했습니다,5,220731,롯데마트,,,,5.0
푸르밀 검은콩우유,10년전?부터 편의점에서 맨날 사먹던 우유에요 온라인 샵에서 사는게 배송비가 있어도 큰팩에 들어있고 저렴하네요 모르는 사람은 있어도 한번 먹으면 멈출수없는 맛이에요,5,220730,푸르밀 공식 스토어,,,,2.0
푸르밀 검은콩우유,배송이 빨라서 좋아요,5,220728,GS 프레시몰,,,,0.0
푸르밀 검은콩우유,배송빠르고 좋습니다,4,220724,GS 프레시몰,,,,0.0
푸르밀 검은콩우유,"행사해서 구입했구요~~
물가가 많이 올랐지만 맛있어서
항상 이것만 먹어요",5,220723,롯데마트,,,,0.0
푸르밀 검은콩우유,배송포장 모두 좋아요,5,220723,GS 프레시몰,,,,0.0
푸르밀 검은콩우유,맛있게 잘먹었어요 고소해요,5,220722,롯데마트,,,,4.5
푸르밀 검은콩우유,저렴하게구매해서 좋아요,5,220721,롯데마트,,,,0.0
푸르밀 검은콩우유,마트에서 없어서 온라인으로 주문했는데 잘산 것 같습니다 다만 유통기한이 짧아서 아쉬웠음,4,220719,푸드앤코스트,,,,2.0
푸르밀 검은콩우유,먹어본 검은콩우유중에 제일 맛있어요 ㅎㅎ,5,220717,푸르밀 공식 스토어,,,,4.0
푸르밀 검은콩우유,배공 빠르고 제품 신선하고 좋아요,5,220717,롯데마트,,,,0.0
푸르밀 검은콩우유,한여름에 배송완료 문자도 없이 그냥두고가서 아이스팩이 다 녹을때까지 밖에 있던거 말고는 ok,5,220716,GS 프레시몰,,,,0.0
푸르밀 검은콩우유,유통기한도 길고 시원하고 안전하게 배송 되었습니다,5,220715,푸르밀 공식 스토어,,,,5.0
푸르밀 검은콩우유,너무 달아서 고소한맛이 덜 느껴져요,4,220712,GS 프레시몰,,,,0.0
푸르밀 검은콩우유,잘구입햇어여 감사합니당ㅋ,5,220706,롯데마트,,,,4.0
푸르밀 검은콩우유,좋은 상품 잘 받았습니다,5,220706,롯데마트,,,,4.5
푸르밀 검은콩우유,"먹을만 한데, 역시 우유는 배송시키면 빵빵해지는건 피 할 수 없나 봄",5,220705,GS 프레시몰,,,,3.0
푸르밀 검은콩우유,원하는 시건대 배송 좋아요,5,220703,GS 프레시몰,,,,0.0
푸르밀 검은콩우유,Okokokokokok,5,220630,롯데마트,,,,0.0
푸르밀 검은콩우유,"오래간만에 구입했어요 ~
자주 사 먹었는데... 잘 먹을께요",5,220627,롯데마트,,,,4.0
푸르밀 검은콩우유,"푸르밀 자체 제품보다 이게 더 낫습니다
늘 두개씩 시켜먹어요",5,220623,GS 프레시몰,,,,0.0
푸르밀 검은콩우유,모든 상품들이 깔끔한 포장상태로 잘 배송되어 너무 좋네요,5,220622,GS 프레시몰,,,,4.5
푸르밀 검은콩우유,애들이 고소하고 맛있다며 잘 먹어요,5,220622,롯데마트,,,,4.0
푸르밀 검은콩우유,지정시간대 배송 좋아요,5,220622,GS 프레시몰,,,,0.0
푸르밀 검은콩우유,담박하니 맛있어요~,4,220622,롯데마트,,,,0.0
푸르밀 검은콩우유,애들이 더 좋아하는 우유 고소하고 맛있어요,5,220619,롯데마트,,,,5.0
푸르밀 검은콩우유,검은콩우유 넘좋아하는데 가성비굿,5,220614,GS 프레시몰,,,,0.0
푸르밀 검은콩우유,그냥우유도 좋지만 아침에 한잔씩 먹으려구요,5,220613,GS 프레시몰,,,,0.0
푸르밀 검은콩우유,저렴하고 맛나요 😀,5,220613,롯데마트,,,,0.0
푸르밀 검은콩우유,원하는 시간대 맞춤배송 좋아요,5,220611,GS 프레시몰,,,,0.0
푸르밀 검은콩우유,고소하고 애들이 잘먹어요,5,220610,롯데마트,,,,4.0
푸르밀 검은콩우유,"종종이용합니다~ 행사해 저렴히 샀어요
고소하니 자꾸 먹게되요",5,220609,롯데마트,,,,1.0
푸르밀 검은콩우유,종종이용합니다~ 행사해 저렴히 샀어요,5,220609,롯데마트,,,,1.0
푸르밀 검은콩우유,콩종류 잘못먹는 아이도 좋아합니다,5,220609,롯데마트,,,,3.5
푸르밀 검은콩우유,"급 먹고싶어서 구매했어요
저는 좀 달아서 흰우유랑 섞어먹어용",5,220608,롯데마트,,,,0.0
푸르밀 검은콩우유,고소하고 달콤한 맛.,5,220608,GS 프레시몰,,,,4.0
푸르밀 검은콩우유,잘받았습니다 만족합니다,5,220608,롯데마트,,,,4.0
푸르밀 검은콩우유,우유라 유통기한이 짧은게 너무 아쉬워요 걸쭉한 느낌이 너무 좋습니다,5,220606,GS 프레시몰,,,,0.0
푸르밀 검은콩우유,"낮시간댜는 인근 몰에서오더니
새벽배송안데 곤지엄물류에 왔군요
이번에 쇼핑백이아닌 박스배송~",5,220606,GS 프레시몰,,,,0.0
푸르밀 검은콩우유,저렴하게 잘 구입했습니다,5,220604,롯데마트,,,,4.0
푸르밀 검은콩우유,맞춤시간대 배송 좋아요 그리고 장바구니 또주시는군요,5,220602,GS 프레시몰,,,,0.0
푸르밀 검은콩우유,넘좋아요.ㅎ.ㅎ.ㅎ,5,220602,롯데마트,,,,0.0
푸르밀 검은콩우유,행사가로 저렴하게 잘 샀습니다,5,220531,롯데마트,,,,4.0
푸르밀 검은콩우유,고소하고 애들이 좋아해요,5,220531,롯데마트,,,,0.0
푸르밀 검은콩우유,저렴하게 구매했어용!! 좋아요,5,220529,롯데마트,,,,0.0
푸르밀 검은콩우유,구수하고 좋네요. 맛있어요,5,220527,GS 프레시몰,,,,0.0
푸르밀 검은콩우유,가격 배송 포장 모두 맞춤서비스라 감사합니다 GSFresh mall쇼핑백에 얼음팩비닐에 담아서 보낸 덕에 장바구니 획득~,5,220527,GS 프레시몰,,,,5.0
푸르밀 검은콩우유,매번 주무중이에요 십년전부터 좋아하던 검은콩 우유에요 푸르밀 힘내세요,5,220523,푸르밀 공식 스토어,,,,0.0
푸르밀 검은콩우유,재구매요. 맛. 품질. 가격 배송도 좋아요. 포장도 꼼꼼하게 해주셨어요. 감사합니다.,5,220523,롯데마트,,,,4.0
푸르밀 검은콩우유,맛있어요 꼭 드셔보세요 푸르밀힘내세요,5,220523,푸르밀 공식 스토어,,,,0.0
푸르밀 검은콩우유,맛도 좋고 가격도 좋고 다좋아요,5,220523,롯데마트,,,,5.0
푸르밀 검은콩우유,저번에 주문해서 다먹고 다시 주문했어용 !,5,220522,푸르밀 공식 스토어,,,,0.0
푸르밀 검은콩우유,아들이 잘 마셔요 이것도 매번 구매하고 있어요 감사합니다,5,220521,GS 프레시몰,,,,4.0
푸르밀 검은콩우유,윈플러스원할때 샀는데 맛있는우유 정말 잘먹었습니다ㅋ,5,220520,롯데마트,,,,4.5
푸르밀 검은콩우유,"지에스주문할땤 꼭 두개씩 시킵니다
남편이 넘 좋아해요",5,220520,GS 프레시몰,,,,0.0
푸르밀 검은콩우유,맛있습니다 다시 사려구요,5,220520,롯데마트,,,,0.0
푸르밀 검은콩우유,검은콩 우유 맛있습니다.,5,220520,GS 프레시몰,,,,0.0
푸르밀 검은콩우유,자주 구매하는 상품,5,220520,롯데마트,,,,0.0
푸르밀 검은콩우유,"검은콩우유에 샷추가 해먹는데 맛있어요
콩샷추~",5,220520,푸르밀 공식 스토어,,,,0.0
푸르밀 검은콩우유,달달하고 고소하니 맛있어요,5,220514,롯데마트,,,,0.0
푸르밀 검은콩우유,배송 빠르고..맛있어요~,5,220512,푸르밀 공식 스토어,,,,0.0
푸르밀 검은콩우유,고소하니 맛있어요 금새 먹게되더라구요,5,220509,롯데마트,,,,0.0
푸르밀 검은콩우유,너무 신선하고 빠른배송과 맛있어요,5,220509,GS 프레시몰,,,,0.0
푸르밀 검은콩우유,이게 검은콩중에서 가장 맛있는거같아욤,5,220505,푸르밀 공식 스토어,,,,0.0
푸르밀 검은콩우유,우유 유통기한 조금 짧아요,4,220504,GS 프레시몰,,,,0.0
푸르밀 검은콩우유,맛있어서 또 주문했습니다~^^,5,220429,푸르밀 공식 스토어,,,,0.0
푸르밀 검은콩우유,신선하고 배달도빨랏어요,5,220429,GS 프레시몰,,,,0.0
푸르밀 검은콩우유,검은콩 우유 맛있어요 달지않은 현미씨리얼에 딱 좋아요 아침마다 먹어요,5,220427,GS 프레시몰,,,,0.0
푸르밀 검은콩우유,저련하고 ㅏㅅ리ㅛ어ㅓㄱㅇ,4,220423,롯데마트,,,,0.0
푸르밀 검은콩우유,오늘은 유통기한이 그래도 좀 널널 하네욤,5,220418,GS 프레시몰,,,,0.0
푸르밀 검은콩우유,맛있어요. 오늘이 17일. 유통기한은 24일까지내요. 넉넉히 먹을수잇어요,5,220417,롯데마트,,,,0.0
푸르밀 검은콩우유,좀 달달하지만 고소해요.,5,220417,롯데마트,,,,0.0
푸르밀 검은콩우유,달달하고 맛있어요.,5,220416,롯데마트,,,,0.0
푸르밀 검은콩우유,신속한배송감사합니다,5,220416,롯데마트,,,,0.0
푸르밀 검은콩우유,너무 맛있어요!!!,5,220415,푸르밀 공식 스토어,,,,0.0
푸르밀 검은콩우유,유통기한이 짧은데 배송이 늦어 걱정했는데..유통기한 더 긴걸로 보내줬네요~,5,220415,푸르밀 공식 스토어,,,,1.0
푸르밀 검은콩우유,상품 배송 품질 가격 좋아요,5,220414,롯데마트,,,,0.0
푸르밀 검은콩우유,1+1 세일 자주 해주세요,5,220414,롯데마트,,,,0.0
푸르밀 검은콩우유,배송이 빨라서 좋은데 우유같은 것은 유통기한이 일주일이 안되는 상품이라 조금 부담 스럽네요 ㅎㅎ...,5,220414,GS 프레시몰,,,,2.5
푸르밀 검은콩우유,감사합니다 좋아요 굿입니다,5,220414,롯데마트,,,,0.0
푸르밀 검은콩우유,유통기한이 5일남았네요,3,220412,롯데마트,,,,0.0
푸르밀 검은콩우유,만족합니다 추천합니다,5,220412,롯데마트,,,,0.0
푸르밀 검은콩우유,"굿~~~~~~~~~~^^
좋아요..
재구매예정이에요
^__________^ㅎ",5,220409,GS 프레시몰,,,,0.0
푸르밀 검은콩우유,건강해지는 느낌 우유 1+1이라 더좋아요,5,220409,롯데마트,,,,0.0
푸르밀 검은콩우유,신속한배송감사합니다ㅎㅎ,4,220409,롯데마트,,,,4.0
푸르밀 검은콩우유,배송 빠르고 저렴하게 구매했어요 넘 맛있어요,5,220408,푸르밀 공식 스토어,,,,0.0
푸르밀 검은콩우유,빠른배송 좋은상품 좋아요,5,220406,롯데마트,,,,5.0
푸르밀 검은콩우유,"빵빵하게 부푼거 오네요
소화력이 약해서 버려야합니다ㅠ
역시 우유는 직접 보고 맨뒤에꺼 골라야하네요",1,220405,GS 프레시몰,,,,2.0
푸르밀 검은콩우유,검은콩우유는 지에스 프레시에서만 파나봐요 다른곳 둘러봐도 안보여요 제일 맛있는 우유!!,5,220405,GS 프레시몰,,,,5.0
푸르밀 검은콩우유,"헉 너무 달아요
보통 두유보다도 더..",4,220405,롯데마트,,,,0.0
푸르밀 검은콩우유,건강에 좋아요 아침 식사대용 굿,5,220405,롯데마트,,,,0.0
푸르밀 검은콩우유,"할인중에 사서 맛있게 마셔요~ 다만 유통기한이 짧네요..
유통기한이 써있으면 구매할때 도움 될꺼같아요~",5,220405,롯데마트,,,,4.333333333333333
푸르밀 검은콩우유,세일해서사봤습니다.,5,220404,롯데마트,,,,0.0
푸르밀 검은콩우유,저렴하게 잘 샀습니다.좋습니다,5,220404,롯데마트,,,,4.0
푸르밀 검은콩우유,유통기한이 넉넉하고 저렴히 잘 샀습니다,5,220402,롯데마트,,,,4.0
푸르밀 검은콩우유,저렴하게 구입했습니다 고소해요,5,220402,롯데마트,,,,0.0
푸르밀 검은콩우유,포장상태가너무 안좋네요..,1,220402,롯데마트,,,,0.0
푸르밀 검은콩우유,잘받았어요 싼가격에 득템했네요,5,220401,롯데마트,,,,4.5
푸르밀 검은콩우유,맛있어요! 역시 basic is the best,5,220401,GS 프레시몰,,,,0.0
푸르밀 검은콩우유,가격 품질 배송 모두 만족!!,5,220401,롯데마트,,,,5.0
푸르밀 검은콩우유,드디어 찾던게 찾앗어요,5,220331,GS 프레시몰,,,,0.0
푸르밀 검은콩우유,상품 좋네요 잘 먹을게요,5,220330,GS 프레시몰,,,,4.0
푸르밀 검은콩우유,잘 먹고 있습니다.,5,220330,GS 프레시몰,,,,4.0
푸르밀 검은콩우유,"아침대용으로 맛, 영양 굿굿",5,220327,GS 프레시몰,,,,0.0
푸르밀 검은콩우유,감사합니다~~~~~,5,220327,늘푸르다,,,,0.0
푸르밀 검은콩우유,고소하고 맛이 좋네요,5,220325,GS 프레시몰,,,,0.0
푸르밀 검은콩우유,검은콩우유 달콤하고 맛있어요 재구매해야겠어요,5,220323,GS 프레시몰,,,,4.0
푸르밀 검은콩우유,유통기한넉넉하고 맛있어서 좋아요,5,220322,롯데마트,,,,4.0
푸르밀 검은콩우유,고소하고 부드러워요,4,220319,롯데마트,,,,0.0
푸르밀 검은콩우유,좀 달지만 맛있어요,5,220319,롯데마트,,,,0.0
푸르밀 검은콩우유,유통기한이 짧아서 그렇지 좋아요👍👍,5,220319,롯데마트,,,,0.0
푸르밀 검은콩우유,아주아주 만족합니다,5,220311,GS 프레시몰,,,,0.0
푸르밀 검은콩우유,딸이 좋아하는 우유지요,4,220308,롯데마트,,,,5.0
푸르밀 검은콩우유,달달하고 맛있는 우유예요.,5,220306,롯데마트,,,,5.0
푸르밀 검은콩우유,맛있게 잘먹었어요 유통기한도 맘에 들었어요~,5,220304,늘푸르다,,,,4.5
푸르밀 검은콩우유,검은콩우유 고소하고 좋아요.,5,220228,GS 프레시몰,,,,0.0
푸르밀 검은콩우유,저렴하게 구매해서 좋았어요 넘 고소하고 맛나요,5,220227,GS 프레시몰,,,,0.0
푸르밀 검은콩우유,늘 구입합니다 푸르밀감은콩 우유보다 이제품이 훨씬 맛있어요,5,220224,GS 프레시몰,,,,0.0
푸르밀 검은콩우유,배송도 빠르고고소 하고ㆍ신선해요,5,220223,GS 프레시몰,,,,0.0
푸르밀 검은콩우유,영양만점콩우유 정말맛있고 울가족이 다좋아합니다,5,220222,롯데마트,,,,0.0
푸르밀 검은콩우유,검은콩이라 건강에 더 좋겠지요~,5,220216,롯데마트,,,,0.0
푸르밀 검은콩우유,유통기한도 넉넉하고 괜찮네염,5,220215,푸르밀 공식 스토어,,,,4.0
푸르밀 검은콩우유,맛있어요 홓ㅎㅎㅎㅎ,5,220215,롯데마트,,,,0.0
푸르밀 검은콩우유,고소하고 밋좋고 배송이 빨라요,5,220214,GS 프레시몰,,,,0.0
푸르밀 검은콩우유,유통기한이쫌짧네요.아쉬워요,5,220214,GS 프레시몰,,,,0.0
푸르밀 검은콩우유,맛있어요~ 검은콩 맛이 진하게 느껴집니다,5,220212,롯데마트,,,,0.0
푸르밀 검은콩우유,올만에 ㅇ검은콩우유먹구싶어서 구입햇어요,5,220211,GS 프레시몰,,,,0.0
푸르밀 검은콩우유,"포장은 늘 꼼꼼히 보내주시네요
이번엔 유통기간이 딱 일주일로 보내주셔서
예전보다 조금 짧았습니다",5,220210,푸르밀 공식 스토어,,,,0.0
푸르밀 검은콩우유,"검은콩우유 너무맛있어요!!
유통기한도 넉넉합니다",5,220209,롯데마트,,,,0.0
푸르밀 검은콩우유,"검은콩우유 고소하고 맛있어요
아침대용으로 마시고 있어요",4,220206,롯데마트,,,,0.0
푸르밀 검은콩우유,고소하고 달콤하니 맛있네요,4,220205,롯데마트,,,,0.0
푸르밀 검은콩우유,항상 맛있게먹고있ㅇ요. 늘 있지는 않아서장바구니에 담아두고 있어요,5,220204,GS 프레시몰,,,,5.0
푸르밀 검은콩우유,유통기한두넉넉하구포장꼼꼼히잘되어있네요,5,220204,GS 프레시몰,,,,0.0
푸르밀 검은콩우유,고소하고 깔끔하게 먹고 배송도 빨라요,5,220204,GS 프레시몰,,,,5.0
푸르밀 검은콩우유,"고소 달달한 우유요
두유보다 맛있어요
흔들어드세요",5,220203,롯데마트,,,,0.0
푸르밀 검은콩우유,아주 맛있습니다 맛있어요,5,220203,롯데마트,,,,0.0
푸르밀 검은콩우유,제입엔 좀 달아서 별로였어요ㅋ 단 두유 좋아하시는 분들은 좋아하실듯요,3,220131,롯데마트,,,,0.0
푸르밀 검은콩우유,배송이 빨라서 싱싱한 우유 라서좋인요,5,220130,GS 프레시몰,,,,5.0
푸르밀 검은콩우유,맛있어서 재구매하러 왔습니다,4,220126,롯데마트,,,,0.0
푸르밀 검은콩우유,남편이 젤 좋아하는 검은콩우유 몇번째구매인지 모르겠네요 푸르밀 제품이랑 같은 것 같은데 원유가 달라요,5,220125,GS 프레시몰,,,,5.0
푸르밀 검은콩우유,고소하고 아주 맛나고 먹기 편함이다,5,220124,GS 프레시몰,,,,0.0
푸르밀 검은콩우유,고소하고 넘 맛있어요,5,220124,롯데마트,,,,0.0
푸르밀 검은콩우유,빠른배송감사합니다 좋아요,5,220124,GS 프레시몰,,,,0.0
푸르밀 검은콩우유,~.~.~.~.~.~.,5,220124,롯데마트,,,,0.0
푸르밀 검은콩우유,잘구입햇어영 감사합니당,5,220123,롯데마트,,,,4.0
푸르밀 검은콩우유,배송 빠르고 좋아요,5,220122,롯데마트,,,,0.0
푸르밀 검은콩우유,"1월21일까지네요 유통기한이....
푸르밀 검은콩 우유 자주 먹는데 여기선 처음 구매해봤습니다.
유통기한 짧은 제품으로 보내주셔서 별 한갠 뺐습니다.
배송은 빠르네요
겨울이라 아이스박스에 아이스팩 하나 넣어왔는데 하나도 안녹고 왔습니다
5시경 택배 수령했구요
여름엔 아이스팩 더 넣어 주시겠죠?
다음에 시킬땐 유통기한 좀 더 긴걸로 보내주시면 감사하겠습니다.
4개 구성품입니다.",4,220115,푸르밀 공식 스토어,,,,0.0
푸르밀 검은콩우유,최근에 생각나서 2번째 재구매 고소해요,5,220112,롯데마트,,,,0.0
푸르밀 검은콩우유,고소하고 아침에 먹기에 딱좋아요,5,220111,GS 프레시몰,,,,0.0
푸르밀 검은콩우유,애가 완전 자기 취향이래요ㅎㅎ,5,220108,롯데마트,,,,4.0
푸르밀 검은콩우유,고소하고 맛있습니다,4,220106,롯데마트,,,,0.0
푸르밀 검은콩우유,약간 달달한맛과 콩맛이 어우러진 담백한 맛이에요,5,220103,롯데마트,,,,0.0
푸르밀 검은콩우유,저번에도 먹었는데 너무 좋네요,5,220102,푸르밀 공식 스토어,,,,0.0
푸르밀 검은콩우유,"쭈~~욱 주문해서 마시고
있습니다
아이가 우유 도착 하자마자
일단 마시고 보네요
너무 맛있다고 웃으면서
^^",5,220101,푸르밀 공식 스토어,,,,4.5
푸르밀 검은콩우유,신선한제품 감사합니다,5,211231,GS 프레시몰,,,,0.0
푸르밀 검은콩우유,저렴하게 잘 샀습니다,5,211231,GS 프레시몰,,,,4.0
푸르밀 검은콩우유,"고소하고 맛이좋아요
검은콩이 듬북",5,211230,GS 프레시몰,,,,0.0
푸르밀 검은콩우유,많이 달아요 근데 아이가 좋아하네요,5,211228,롯데마트,,,,0.0
푸르밀 검은콩우유,"검은콩우유 첫 주문
비싸지 않아서 크게 기대안했는데 맛있어요
좀 걸쭉한두유느낌. 종종 구매할 듯 합니다.",5,211227,GS 프레시몰,,,,0.0
푸르밀 검은콩우유,"사다 나르는 번거로움 없이
늘 유통기간 길게 배송해 주셔서
진심 시간 절약도 되고 감사히
먹고있습니다
재구매 역시 아주 만족입니다",5,211225,푸르밀 공식 스토어,,,,3.0
푸르밀 검은콩우유,"리얼 검은콩우유 싸고 맛있더라고요
요새 매장에선 잘 없어서 네이버장보기할때 늘 주문합니다",5,211224,GS 프레시몰,,,,3.0
푸르밀 검은콩우유,유통기한이 일주일밖에 안되서 아쉽지만 맛좋고 착한 가격이라 좋네여,5,211222,GS 프레시몰,,,,5.0
푸르밀 검은콩우유,잘받았습니다 감사합니다,4,211220,롯데마트,,,,4.0
푸르밀 검은콩우유,저렴하게 구매했습니다.,4,211217,롯데마트,,,,0.0
푸르밀 검은콩우유,"아이들이 요기 콩우유 잘마셔요~~고소하구 맛있습니다^
~",5,211215,롯데마트,,,,4.0
푸르밀 검은콩우유,아이들이 좋아해서 구매하게되는 제품입니다~~굿입니다~,5,211215,롯데마트,,,,0.0
푸르밀 검은콩우유,"판매하는 곳이 많지 않아 구입하기
힘들었는데 여기서 쉽게 구매할수 있어서
완전 좋습니다
날짜도 긴걸 보내주시고
배송이 다소 긴거 빼곤",5,211214,푸르밀 공식 스토어,,,,4.0
푸르밀 검은콩우유,착한가격 저렴하게 구입 했어요,5,211211,롯데마트,,,,5.0
푸르밀 검은콩우유,가성비 최고의 상품입니다.,5,211211,GS 프레시몰,,,,5.0
푸르밀 검은콩우유,4개 시켰는데 유통기한 일주일정도 남음,2,211205,GS 프레시몰,,,,0.0
푸르밀 검은콩우유,정말 맛있어요. .,5,211205,푸르밀 공식 스토어,,,,0.0
푸르밀 검은콩우유,빠르고 편한 배송 너무 좋아요~~,5,211203,롯데마트,,,,5.0
푸르밀 검은콩우유,가끔 맛있는 맛이 먹고플때 먹어요 흰우유는 좀 질리니까,4,211130,롯데마트,,,,5.0
푸르밀 검은콩우유,검은콩 우유는 항상 맛있어요~~,5,211130,롯데마트,,,,0.0
푸르밀 검은콩우유,달달하고 고소하고 맛있어요,5,211129,롯데마트,,,,0.0
푸르밀 검은콩우유,"두유보다 우유에 가까운..
달콤 고소 우유입니다
저는 좋아해요ㅎㅎ",5,211128,롯데마트,,,,4.0
푸르밀 검은콩우유,유통기한이 넉넉해서 좋았습니다,5,211127,푸르밀 공식 스토어,,,,0.0
푸르밀 검은콩우유,맛잇어요 재구매함 ㄹ,5,211127,GS 프레시몰,,,,0.0
푸르밀 검은콩우유,네이버에서 gs프레쉬는 처음인데 할인많이되서 좋아요,5,211126,GS 프레시몰,,,,4.0
푸르밀 검은콩우유,나름 품질좋고 가성비좋은 제품입니다~,5,211126,GS 프레시몰,,,,5.0
푸르밀 검은콩우유,우유는 안맞아서 가끔씩 구매하는 우유입니다,5,211126,GS 프레시몰,,,,0.0
푸르밀 검은콩우유,정말맛있어요 몇번시켜먹는데 중독성있네요,5,211119,푸르밀 공식 스토어,,,,2.5
푸르밀 검은콩우유,적당히 담백하고 좋아요,5,211118,롯데마트,,,,0.0
푸르밀 검은콩우유,건강하고 칼로낮은 맛있는 검은콩우유,5,211116,롯데마트,,,,5.0
푸르밀 검은콩우유,좋아요 재구매할거에요,5,211116,롯데마트,,,,0.0
푸르밀 검은콩우유,"달콤해서 몇번째 주문 중인데
칼슘 성분은 없어서 아쉽네요",3,211112,롯데마트,,,,2.0
푸르밀 검은콩우유,아이들간식으로구입함,5,211112,롯데마트,,,,0.0
푸르밀 검은콩우유,친절하고 빠른 배송 감사합니다 넘 좋아요,5,211112,롯데마트,,,,0.0
푸르밀 검은콩우유,아직 시식전이지만 검은콩이라 구매합니다,5,211111,롯데마트,,,,0.0
푸르밀 검은콩우유,가성비가 너무 좋아요 잘 먹었습니당 ㅎ,5,211111,롯데마트,,,,4.0
푸르밀 검은콩우유,우유 이거만 마셔요,5,211111,푸르밀 공식 스토어,,,,0.0
푸르밀 검은콩우유,좀 달긴하지만 검은콩우유중엔 걸죽하니 맛있어요.,5,211109,롯데마트,,,,0.0
푸르밀 검은콩우유,맛은 있으나 너무다네요ㅜㅜ,5,211109,롯데마트,,,,0.0
푸르밀 검은콩우유,신랑이조아하는우유ㅎ,5,211109,롯데마트,,,,5.0
푸르밀 검은콩우유,"마음에 들어요, , 재구매 의사있습니다",5,211108,롯데마트,,,,0.0
푸르밀 검은콩우유,너무맛있어요 하루혼자서 한통먹어요,5,211108,롯데마트,,,,0.0
푸르밀 검은콩우유,"유통기한도 넉넉하고 좋아여
역시 맛있습니다 최고에요!",5,211107,푸르밀 공식 스토어,,,,4.5
푸르밀 검은콩우유,우리 아이가 맛있다고 잘 마셔요.,5,211107,롯데마트,,,,4.0
푸르밀 검은콩우유,맛있게 잘 먹었습니다.,5,211105,푸르밀 공식 스토어,,,,4.5
푸르밀 검은콩우유,자주 구매하는 우유인데 아주 좋습니다!,5,211104,롯데마트,,,,0.0
푸르밀 검은콩우유,조아여 굿 재구매 의사있음^^,5,211102,롯데마트,,,,4.0
푸르밀 검은콩우유,아들이이것만 먹어요,5,211102,롯데마트,,,,0.0
푸르밀 검은콩우유,아침에 일어나서 마시기 좋아요!,5,211101,롯데마트,,,,0.0
푸르밀 검은콩우유,상품 아주 만족스럽니다,5,211101,롯데마트,,,,0.0
푸르밀 검은콩우유,"생각보다 고소하고 달달하고 맛있어요
저는 이 우유에 하2뮨 타먹어도 맛있더라고요",5,211031,롯데마트,,,,0.0
푸르밀 검은콩우유,부모님이 좋아하셔서 자주 시키는데 달달하니 맛있습니다~,5,211029,푸르밀 공식 스토어,,,,0.0
푸르밀 검은콩우유,만족입니다 만족입니다,5,211029,롯데마트,,,,5.0
푸르밀 검은콩우유,고소하고 맛있어요 추천해요,5,211028,롯데마트,,,,0.0
푸르밀 검은콩우유,건강한맛강추해요👍든든한 한끼,5,211026,롯데마트,,,,5.0
푸르밀 검은콩우유,"저는 개인적으로 좋아하는 맛이에요
두유보다 콩 맛은 덜하고 달달한 우유에요
희우유만 먹었을때보다 괜히 든든한 느낌이에요",5,211025,롯데마트,,,,5.0
푸르밀 검은콩우유,잘마실게요 감사합니다.,5,211021,푸르밀 공식 스토어,,,,4.0
푸르밀 검은콩우유,자주품절되는제품이라 아쉽긴하지만 여기저기서잘사먹어요,4,211020,롯데마트,,,,4.0
푸르밀 검은콩우유,자주사먹는우유 품절안됬으면좋은디,4,211020,롯데마트,,,,5.0
푸르밀 검은콩우유,"14일에 주문했는데 유통기한이 18일까지인거 보내주신거는
너무한거아닌가요..",1,211018,롯데마트,,,,0.0
푸르밀 검은콩우유,유통기한이 좀 짧네요,5,211017,푸르밀 공식 스토어,,,,0.0
푸르밀 검은콩우유,아들이좋아해서 매번구매해요,5,211016,롯데마트,,,,1.0
푸르밀 검은콩우유,"맛있는데 저렴해서 좋아요
자주는 아니고 한번씩 생각날 때 구입합니다",5,211013,롯데마트,,,,0.0
푸르밀 검은콩우유,자주구매하는상품입니다,5,211013,롯데마트,,,,0.0
푸르밀 검은콩우유,영양적으로도 좋은 우유에요 다른곳보다 가격도 저렴해요,5,211012,롯데마트,,,,5.0
푸르밀 검은콩우유,환원유만 아니었으면 100점입니다,5,211012,롯데마트,,,,0.0
푸르밀 검은콩우유,나름 가성비 좋고 품질좋은 제품입니다~^^*,5,211011,GS 프레시몰,,,,5.0
푸르밀 검은콩우유,부드럽고 담백해요,5,211011,푸르밀 공식 스토어,,,,4.0
푸르밀 검은콩우유,맛이 달달합니다. 가끔 한 잔씩 마시기 좋아요! :),4,211010,GS 프레시몰,,,,2.0
푸르밀 검은콩우유,검은콩우유 맛잇어요,4,211010,롯데마트,,,,0.0
푸르밀 검은콩우유,맛있어요.배송도 좋구,5,211005,푸르밀 공식 스토어,,,,0.0
푸르밀 검은콩우유,맛있어요 추천합니다,5,211005,롯데마트,,,,0.0
푸르밀 검은콩우유,우유는 좀그래서 검은콩으로,5,211003,GS 프레시몰,,,,0.0
푸르밀 검은콩우유,우유 잘안먹는 딸이 이우유는 잘먹네요,5,211003,롯데마트,,,,4.0
푸르밀 검은콩우유,아들이맛있다고요것만 먹어요~,5,210929,롯데마트,,,,0.0
푸르밀 검은콩우유,고소하고 맛있는데 좀 달아요,5,210928,롯데마트,,,,0.0
푸르밀 검은콩우유,맛있는데 넘 달아요,3,210928,롯데마트,,,,0.0
푸르밀 검은콩우유,부드럽고 고소하며 담백해요,5,210927,푸르밀 공식 스토어,,,,4.0
푸르밀 검은콩우유,나름 품질좋고 가성비 좋은 제품인것 같습니다~^^*,5,210926,GS 프레시몰,,,,5.0
푸르밀 검은콩우유,늘 사는 우우에요~~,5,210926,롯데마트,,,,0.0
푸르밀 검은콩우유,좋습니다~좋습니다~,5,210926,롯데마트,,,,0.0
푸르밀 검은콩우유,"너무 달아요
너무 단것만 빼고 다 좋아요",4,210924,푸르밀 공식 스토어,,,,0.0
푸르밀 검은콩우유,"늘 구매하는 물건입니다. 쿠폰써서 저렴하게 장 봤어요,",5,210923,롯데마트,,,,0.0
푸르밀 검은콩우유,맛있어서 종종 구입해서 먹어요,5,210917,롯데마트,,,,0.0
푸르밀 검은콩우유,다이어트하는아들이좋아해요,5,210917,롯데마트,,,,0.0
푸르밀 검은콩우유,깔끔한 포장으로 배송되었습니다.,3,210916,롯데마트,,,,5.0
푸르밀 검은콩우유,검은콩우유 먹고싶어거 주문햇어요,5,210915,롯데마트,,,,0.0
푸르밀 검은콩우유,늘 주문하는거예요~ 맛있어요~,5,210915,롯데마트,,,,0.0
푸르밀 검은콩우유,고소하고 달콤한 곡물 우유,5,210915,롯데마트,,,,4.0
푸르밀 검은콩우유,저렴한 가격에 득템했어요^^,4,210914,롯데마트,,,,4.5
푸르밀 검은콩우유,잘 먹었습니다~~~,3,210913,롯데마트,,,,4.0
푸르밀 검은콩우유,부드럽고고소하며 맛있어요,5,210912,푸르밀 공식 스토어,,,,4.0
푸르밀 검은콩우유,"2021년9월7일 화요일 어제 새벽에 주문했는데도
불구하고 다음날 오후6시에 배송되는줄알아는데
빠른배달배송해주셔서 정말 감사합니다 ^^",5,210907,롯데마트,,,,4.0
푸르밀 검은콩우유,담백하고 맛있어요.,5,210905,롯데마트,,,,0.0
푸르밀 검은콩우유,우유를 먹으면 배가 아픈 아들이 이 우유는 괜찮다고 해서 자주 구입해서 먹고 있어요.,5,210903,롯데마트,,,,1.0
푸르밀 검은콩우유,후기가 좋길래 구매해봤어요,5,210831,롯데마트,,,,0.0
푸르밀 검은콩우유,굿~~<<<<~~~~~~~~~~~~,5,210830,GS 프레시몰,,,,0.0
푸르밀 검은콩우유,저렴하게 구매했습니다. 만족,5,210829,롯데마트,,,,5.0
푸르밀 검은콩우유,검은콩우유 디자인이 바꼈어요. 항상 구매합니다.,5,210828,롯데마트,,,,0.0
푸르밀 검은콩우유,겉포장 디자인?이 바뀌었네요,5,210828,롯데마트,,,,0.0
푸르밀 검은콩우유,나름 품질좋고 가성비좋은 제품인것 같습니다~^^*,5,210827,GS 프레시몰,,,,5.0
푸르밀 검은콩우유,"검은콩 우유중에 제일 맛있는거 같아요.
검은콩 가루랑 섞어 먹는데 맛나요.",5,210827,푸르밀 공식 스토어,,,,0.0
푸르밀 검은콩우유,개꿀맛탱 요즘 편의점에서도 잘 안팔아서 인터넷으로만 주문 해먹는데 개꿀맛탱,5,210825,GS 프레시몰,,,,4.0
푸르밀 검은콩우유,달콤하고 진하고 맛있어요,5,210825,롯데마트,,,,4.0
푸르밀 검은콩우유,"주문하고 송장도 금방 뜨고 발송했다길래
계속 기다렸었는데 3일이 되도록 안왔어요
그래서 문의하니깐 그날 발송해서 다음날에 받았어요
다들 배송이 좀 이상하다 싶으면 빨리 문의하세요
공식 스토어라 꼼꼼하고 빠른 배송일줄 알았는데 전혀 아니었어요~
더 기다렸으면 더 늦게 받을뻔했네요
그래도 맛은 알고 산거라 정말 맛있어요",5,210823,푸르밀 공식 스토어,,,,3.0
푸르밀 검은콩우유,많이 달지만 고소함이 좋아요,4,210823,롯데마트,,,,0.0
푸르밀 검은콩우유,언제먹어도 맛있어요,5,210823,롯데마트,,,,0.0
푸르밀 검은콩우유,고소하고 신선해요~~,5,210823,롯데마트,,,,0.0
푸르밀 검은콩우유,검정콩 우유 맛 있어요.,5,210822,롯데마트,,,,0.0
푸르밀 검은콩우유,항상 구매하는 품목입니다.,5,210821,롯데마트,,,,0.0
푸르밀 검은콩우유,자주 주문해 먹어요. 맛있어요,5,210816,롯데마트,,,,1.0
푸르밀 검은콩우유,건강해져요....?.,5,210815,롯데마트,,,,0.0
푸르밀 검은콩우유,좋아용 좋아용 배송빠르고,5,210815,롯데마트,,,,0.0
푸르밀 검은콩우유,"검은콩 우유를 좋아하는데 동네 마트에서는 구할 수 없어 아쉬웠는데, GS 프레쉬몰에서 구할 수 있어서 참 좋습니다.",5,210813,GS 프레시몰,,,,0.0
푸르밀 검은콩우유,"든든한 한끼 저렴하면서 좋아요
배송기사님 넘감사하게도 2시간 빠르게배송해주셔서 좋아서요
강추합니다 ^^",5,210811,롯데마트,,,,4.0
푸르밀 검은콩우유,항상 배달구매시 구매하는 품목입니다.,5,210811,롯데마트,,,,0.0
푸르밀 검은콩우유,늘 먹는 검은콩 우유,5,210809,롯데마트,,,,0.0
푸르밀 검은콩우유,고소하고 단백한맛이 좋아요. 강추해요^^^,5,210808,롯데마트,,,,0.0
푸르밀 검은콩우유,부드럽고 고소 담백해요,5,210808,푸르밀 공식 스토어,,,,4.0
푸르밀 검은콩우유,아이들이 고소하고 맛있다고 잘 마셔요,5,210803,롯데마트,,,,4.0
푸르밀 검은콩우유,"상품, 배송 모두 만족합니다~^^",5,210803,GS 프레시몰,,,,0.0
푸르밀 검은콩우유,맛있고 검은콩이라 두유대신해도 좋아서 자주 사먹어요,5,210801,롯데마트,,,,5.0
푸르밀 검은콩우유,배송빠르고 싸게 구입했어요,5,210801,롯데마트,,,,0.0
푸르밀 검은콩우유,부드럽고 고소하며 맛있어요,5,210731,푸르밀 공식 스토어,,,,4.0
푸르밀 검은콩우유,"달달 걸쭉한 두유의 우유버전이라고 할까나?
은근 든든하고 씨리얼에 말아먹어도 맛있어요
더워서 입맛 없을때 이거 한잔과 삶은계란 하나 먹음 요기되고 좋아요",5,210730,GS 프레시몰,,,,5.0
푸르밀 검은콩우유,2개 구입했는데 유통기한이 조금 아쉽네요,3,210730,롯데마트,,,,0.0
푸르밀 검은콩우유,"편의점에서 작은사이즈 1+1하면 자주 사먹는데 아예 대용량으로 사두니까 더좋아요
25일에 받은제품이고 유통기한은 30일까지, 2~3일이면 우유한팩 다 먹는편이라 넉넉했어요",5,210728,GS 프레시몰,,,,0.0
푸르밀 검은콩우유,"우리 딸아이 입맛에 딱인듯~
흰우유보다 속이 든든하게 느껴져요",4,210727,롯데마트,,,,0.0
푸르밀 검은콩우유,좀 달아요.그래도 맛있어요,5,210727,롯데마트,,,,0.0
푸르밀 검은콩우유,좋아하는 제품 입니다,4,210727,롯데마트,,,,5.0
푸르밀 검은콩우유,부드럽고 고소하고 맛있어요,5,210725,푸르밀 공식 스토어,,,,4.0
푸르밀 검은콩우유,칼슘있어서 구입햇어요,5,210725,롯데마트,,,,0.0
푸르밀 검은콩우유,검은콩두유 대신으로 사먹었는데 맛있어서 대용량으로 구매했어요,5,210724,롯데마트,,,,0.0
푸르밀 검은콩우유,하루에한잔먹기좋네요~~맛나용,5,210723,GS 프레시몰,,,,0.0
푸르밀 검은콩우유,좋아요요요요요요용ㅇㅅㅇ,5,210722,롯데마트,,,,4.0
푸르밀 검은콩우유,몸에 좋은 검정콩우유 맛있어 좋아요,5,210717,롯데마트,,,,5.0
푸르밀 검은콩우유,"배송 완전 늦음. 얼음이 녹아 물바다 처럼 배송
대 실망",3,210717,푸르밀 공식 스토어,,,,1.0
푸르밀 검은콩우유,부드럽고 담백함 맛있어요,5,210716,푸르밀 공식 스토어,,,,4.0
푸르밀 검은콩우유,"아이가 잘먹어서 두번째 주문합니다~
이 제품은 대형마트에서만 판매하는것 같아요 동네에선 찾을수없네요",5,210713,롯데마트,,,,4.0
푸르밀 검은콩우유,검은콩 우유 맛이 있어요,5,210713,롯데마트,,,,0.0
푸르밀 검은콩우유,아이스팩이 다 녹아서 왔네요 맛은 좋아요,4,210708,푸르밀 공식 스토어,,,,0.0
푸르밀 검은콩우유,부드럽고 담백하며 맛있는 우유 좋아요,5,210707,푸르밀 공식 스토어,,,,4.5
푸르밀 검은콩우유,아는맛 ~ 고소한맛,4,210707,롯데마트,,,,0.0
푸르밀 검은콩우유,배송구매시 항상 포함하는 품목입니다.,5,210706,롯데마트,,,,0.0
푸르밀 검은콩우유,"조금만 마셔도 배부르고,무엇보다 변비에 탁월하다는!",5,210705,롯데마트,,,,2.0
푸르밀 검은콩우유,두유 아니고 우유에 검은콩이라 궁금해서 구입했어요,5,210705,GS 프레시몰,,,,0.0
푸르밀 검은콩우유,고소하고 달달 맛잇어용,5,210705,롯데마트,,,,0.0
푸르밀 검은콩우유,저렴하고 편하게 잘 구매 했습니다,5,210704,롯데마트,,,,4.5
푸르밀 검은콩우유,부드럽고 담백한 우유 맛있어요,5,210704,푸르밀 공식 스토어,,,,4.0
푸르밀 검은콩우유,단맛이 좀 강해요 ᆢ 맛있습니다,5,210702,롯데마트,,,,0.0
푸르밀 검은콩우유,"맛잇어요!!!
너무너무",5,210702,푸르밀 공식 스토어,,,,0.0
푸르밀 검은콩우유,항상 맛있게.먹고 있습니다~,5,210701,롯데마트,,,,5.0
푸르밀 검은콩우유,좋아요 만족합니다 ㅋ,5,210701,롯데마트,,,,0.0
푸르밀 검은콩우유,항상 구매하려는데 품절될 때가 많았는데 이번에 구매하게 됐네요.,5,210701,롯데마트,,,,0.0
푸르밀 검은콩우유,항상 먹는 제품이에요~♡,5,210628,롯데마트,,,,0.0
푸르밀 검은콩우유,푸르밀 검은콩 우유,3,210628,롯데마트,,,,0.0
푸르밀 검은콩우유,부드럽고 담백한 맛 좋아요,5,210624,푸르밀 공식 스토어,,,,4.0
푸르밀 검은콩우유,검은콩이 몸에 좋다길래...,5,210623,GS 프레시몰,,,,0.0
푸르밀 검은콩우유,많이 달지만 아이가 좋아해요,5,210621,롯데마트,,,,0.0
푸르밀 검은콩우유,늘 사는 제품이에용!,5,210621,롯데마트,,,,0.0
푸르밀 검은콩우유,아들이 좋아했어 항상 구매해요,5,210619,롯데마트,,,,0.0
푸르밀 검은콩우유,검은콩우유 찾기 힘든데 롯데마트에서 팔아서 좋네요,5,210618,롯데마트,,,,0.0
푸르밀 검은콩우유,싸고 맛있어서 항상 구매합니다,5,210618,롯데마트,,,,0.0
푸르밀 검은콩우유,엣날의 맛이 아닌듯 내가 바뀐거겠죠 달아요,3,210617,롯데마트,,,,0.0
푸르밀 검은콩우유,검은콩우유 달달해서 금방 먹어요,5,210616,롯데마트,,,,0.0
푸르밀 검은콩우유,배송 빨라서 좋아요.,3,210616,롯데마트,,,,0.0
푸르밀 검은콩우유,맛은 보통. 그래도 가성비 젛은,3,210615,GS 프레시몰,,,,0.0
푸르밀 검은콩우유,담백하고 부드럽고 맛있어요,5,210612,푸르밀 공식 스토어,,,,4.0
푸르밀 검은콩우유,달달하고 걸쭉하게 맛있어요,4,210611,롯데마트,,,,0.0
푸르밀 검은콩우유,담백하고 맛있는 우유입니다,5,210607,푸르밀 공식 스토어,,,,5.0
푸르밀 검은콩우유,검은콩 우유라 구매했는데 먹을 때마다 느끼는 거지만 조금만 덜달았으면 좋겠어요,4,210605,롯데마트,,,,0.0
푸르밀 검은콩우유,늘 구매하는 우유에요,5,210605,롯데마트,,,,0.0
푸르밀 검은콩우유,신랑이 좋아해서 시켜요 달달 맛있어요,5,210604,롯데마트,,,,0.0
푸르밀 검은콩우유,아침대용으로 좋아요,5,210603,롯데마트,,,,0.0
푸르밀 검은콩우유,"맛있어요
아이들이 흰우유를 안먹어서 사봤는데맛있습니다",5,210602,GS 프레시몰,,,,0.0
푸르밀 검은콩우유,검은콩우유넘맛나요 추천,5,210601,롯데마트,,,,0.0
푸르밀 검은콩우유,검은콩우유 자주 애용,5,210601,롯데마트,,,,0.0
푸르밀 검은콩우유,한잔먹어보려고 삿는데 맛낭요,5,210531,롯데마트,,,,0.0
푸르밀 검은콩우유,맛좋고 영양도좋아요,4,210527,롯데마트,,,,5.0
푸르밀 검은콩우유,안전하게 배송이 잘 왔어요:),5,210524,롯데마트,,,,3.0
푸르밀 검은콩우유,구수하고 좋아요~ 요즘다시 진해진거같아서 좋아요,5,210524,롯데마트,,,,0.0
푸르밀 검은콩우유,검은콩 우유맛이긴한데 너무....달아요...,3,210523,GS 프레시몰,,,,0.0
푸르밀 검은콩우유,"저렴한 가격에 구입, 만족합니다",5,210523,롯데마트,,,,0.0
푸르밀 검은콩우유,항상 사는 제품이에요,5,210523,롯데마트,,,,0.0
푸르밀 검은콩우유,"저렴한 가격에 잘 샀어요
딸아이가 맛있대요",5,210522,롯데마트,,,,4.0
푸르밀 검은콩우유,아들이 좋아하는 우유라 항상 구매 합니다.,5,210519,롯데마트,,,,5.0
푸르밀 검은콩우유,아이가 항상 찾는 우유라~~~.,5,210519,롯데마트,,,,0.0
푸르밀 검은콩우유,우유갑이 엄청 팽창한게왔어요ㅠ,4,210515,롯데마트,,,,2.0
푸르밀 검은콩우유,좀 달긴한데 맛있어요 든든하구,5,210515,롯데마트,,,,0.0
푸르밀 검은콩우유,싸고좋네요재구매합니다,5,210515,롯데마트,,,,0.0
푸르밀 검은콩우유,맛있는건 원래 알고있었는데 저렴하게 구매할 수 있어서 좋았어요!,5,210511,푸르밀 공식 스토어,,,,0.0
푸르밀 검은콩우유,정말 너무 맛있어요,5,210509,롯데마트,,,,0.0
푸르밀 검은콩우유,밤에 공부하는 딸아이 간식대용입니다 맛있어요,5,210508,롯데마트,,,,0.0
푸르밀 검은콩우유,좋아요 좋은제품 감사해용,5,210508,롯데마트,,,,5.0
푸르밀 검은콩우유,아침으로 마시면 조음,5,210507,롯데마트,,,,0.0
푸르밀 검은콩우유,너무 맛있어용ㅎㅎㅎ쟁겨두고 먹으려고4개주문했어요ㅎㅎ,5,210507,푸르밀 공식 스토어,,,,4.0
푸르밀 검은콩우유,저렴했어요 달ㄹ아여,5,210505,롯데마트,,,,0.0
푸르밀 검은콩우유,"검은콩두유 고소하고 맛있네요~
아이들이 잘 먹네요",5,210504,롯데마트,,,,4.0
푸르밀 검은콩우유,유통기한이 짧아서 아쉽네요,3,210503,롯데마트,,,,0.0
푸르밀 검은콩우유,달고 콩우유는 우유보다 먹을만해요,4,210503,롯데마트,,,,0.0
푸르밀 검은콩우유,담백하고 맛있는데유통기한이 짧네요,5,210501,롯데마트,,,,0.0
푸르밀 검은콩우유,계속사먹고있어요~ 좋아요,4,210429,롯데마트,,,,0.0
푸르밀 검은콩우유,하루에 우유한잔 검은콩이라 더 좋은거같아요,5,210428,롯데마트,,,,5.0
푸르밀 검은콩우유,검은콩우유는 푸르밀이 가장 맛있어요,5,210428,롯데마트,,,,0.0
푸르밀 검은콩우유,우유보다 맛있고 해서 잘마셔요,4,210428,롯데마트,,,,4.0
푸르밀 검은콩우유,"역시 푸르밀 검은콩우유..
맛있습니다",5,210426,롯데마트,,,,0.0
푸르밀 검은콩우유,검은콩우유 고소하고 맛있어요,5,210426,롯데마트,,,,0.0
푸르밀 검은콩우유,"편의점에서 파는 거 맛있어서 인터넷으로 알아보니 300ml짜리는 파는 곳이 없어서 어쩔 수 없이 900ml짜리로 시켰네요. 먹는거 시키는건데, 배송을 빨리 해 줘야 되는데 일반택배로 배송이 이틀 걸리다보니 안에 있던 아이스팩은 이미 다 녹아있는 상태로 배송이 됐던데, 날이 더 더워지면 못 시켜 먹을 것 같네요.",3,210424,11번가,,,,2.0
푸르밀 검은콩우유,항상 이용하는 제품이에요 만족,5,210420,롯데마트,,,,5.0
푸르밀 검은콩우유,가격 저렴하고 배송 빠르네요,5,210419,GS 프레시몰,,,,0.0
푸르밀 검은콩우유,고소하고 맛있네요~~,5,210417,롯데마트,,,,0.0
푸르밀 검은콩우유,건강해지는 기분이 들어서 좋아요~~~!!,5,210415,롯데마트,,,,0.0
푸르밀 검은콩우유,저렴해요~~괜찮아요~~~,5,210415,롯데마트,,,,0.0
푸르밀 검은콩우유,잘먹겠습니다 감사합니다,5,210415,롯데마트,,,,4.0
푸르밀 검은콩우유,검은콩우유라좋고 고소하니 맛이좋아서 재구매했어요,5,210413,롯데마트,,,,5.0
푸르밀 검은콩우유,검은콩우유 좀 달긴하지만 고소하고 맛있어요,5,210412,롯데마트,,,,0.0
푸르밀 검은콩우유,아침에 한잔씩 챙겨먹는 우유에요 흰우유는 좀 그런데 이건 아침에 먹어도 부담이 없어요 맛도 잇구요,5,210412,롯데마트,,,,1.0
푸르밀 검은콩우유,저렴하게 잘 구입해야징,5,210411,롯데마트,,,,4.0
푸르밀 검은콩우유,점심해결하기위해구입,5,210411,롯데마트,,,,0.0
푸르밀 검은콩우유,검은콩우유라도 텁텁한 맛없이 달콤하고 좋아요,5,210406,롯데마트,,,,3.0
푸르밀 검은콩우유,흰우유가 질릴땐 검은콩우유 짱 맛나요,5,210405,롯데마트,,,,0.0
푸르밀 검은콩우유,좋은상품 감사해요~!,4,210403,롯데마트,,,,5.0
푸르밀 검은콩우유,맛있어요~~아이가 좋아해요,5,210402,롯데마트,,,,0.0
푸르밀 검은콩우유,검은콩우유 너무맛나요,5,210402,롯데마트,,,,0.0
푸르밀 검은콩우유,우유가 고소하고 맛있어요,5,210330,롯데마트,,,,0.0
푸르밀 검은콩우유,행사라 더 저렴하게 샀어요넘 좋아요,5,210329,롯데마트,,,,0.0
푸르밀 검은콩우유,"오랜만에 샀네요~
아이들이 잘 먹어서 좋아요~",5,210328,롯데마트,,,,4.0
푸르밀 검은콩우유,항상 잘 마시고 있어요,4,210324,GS 프레시몰,,,,4.0
푸르밀 검은콩우유,좋아요 잘먹겠습니다,5,210324,롯데마트,,,,4.0
푸르밀 검은콩우유,아침에 한잔힉 마시기 좋아요,5,210323,롯데마트,,,,0.0
푸르밀 검은콩우유,달달하고 맛있습니다,5,210323,롯데마트,,,,0.0
푸르밀 검은콩우유,아이가 좋아해요. 오자마자 금방 먹었네요^^,5,210322,롯데마트,,,,4.0
푸르밀 검은콩우유,너무 달아서 다음엔 다른 거 사봐야겠어요,3,210322,롯데마트,,,,0.0
푸르밀 검은콩우유,걸쭉하고 맛있는데 좀 많이 달아요,4,210322,롯데마트,,,,0.0
푸르밀 검은콩우유,너무 맛있습니다. 양많았으면 좋겠어요,5,210321,롯데마트,,,,0.0
푸르밀 검은콩우유,검은콩 우유 좋아하는데 너무 좋네영,5,210321,롯데마트,,,,0.0
푸르밀 검은콩우유,편리하게 잘구입한거같아요,5,210316,GS 프레시몰,,,,4.0
푸르밀 검은콩우유,저렴하고 빠른 배송 만족합니다,5,210314,롯데마트,,,,0.0
푸르밀 검은콩우유,"흰우유를 마시며 장이 꾸물꾸물하는데
검은콩우유를 마시면 속이 편해서 계속 재구매하고 있답니다~",5,210309,롯데마트,,,,0.0
푸르밀 검은콩우유,달기만 하고 안진해서 별로네요,3,210308,롯데마트,,,,0.0
푸르밀 검은콩우유,자주먹는데 맛있고 좋아요,5,210308,롯데마트,,,,0.0
푸르밀 검은콩우유,아주 좋아요 만족합니다,5,210308,롯데마트,,,,0.0
푸르밀 검은콩우유,싸게 잘 샀어요. 맛있어요,5,210307,롯데마트,,,,4.0
푸르밀 검은콩우유,좋아요잘먹을게요!!!,5,210306,롯데마트,,,,4.0
푸르밀 검은콩우유,고소하고 달달해서 순식간에 사라지는 마법,5,210303,롯데마트,,,,0.0
푸르밀 검은콩우유,두유보다 검은 콩우유가 맛있대요,5,210301,롯데마트,,,,0.0
푸르밀 검은콩우유,잘받앗습니당 감사합니당ㅋ,5,210301,롯데마트,,,,4.0
푸르밀 검은콩우유,좋아요. 또 구매 하려고요.,5,210227,롯데마트,,,,0.0
푸르밀 검은콩우유,옛날부터 쭉 이맛~~,5,210224,롯데마트,,,,0.0
푸르밀 검은콩우유,"5일만에 12개를 모두 먹었네요ㅎㅎ
아이스박스에 꼼꼼배송 왔구요 저렴하게 잘 샀습니다",5,210224,푸르밀 공식 스토어,,,,4.0
푸르밀 검은콩우유,자주 사먹는 제품이에요,4,210221,롯데마트,,,,0.0
푸르밀 검은콩우유,항상 주문하는 내 최야 우유,5,210219,롯데마트,,,,0.0
푸르밀 검은콩우유,유통기한도 넉넉하고 저렴한 가격에 잘 샀습니다 ㅎㅎ,5,210218,푸르밀 공식 스토어,,,,4.0
푸르밀 검은콩우유,아이가 잘마시네요 맛있어요,5,210217,롯데마트,,,,4.0
푸르밀 검은콩우유,맛있어요~~~~~~~~,5,210217,롯데마트,,,,0.0
푸르밀 검은콩우유,만족합니다 항상 이용하는 제품이에요,5,210208,롯데마트,,,,0.0
푸르밀 검은콩우유,푸르밀 검정콩 우유는 항상 맛있어요.,5,210208,롯데마트,,,,0.0
푸르밀 검은콩우유,검은콩우유 맛있네요,5,210206,롯데마트,,,,0.0
푸르밀 검은콩우유,어릴때부터 맛나게 먹던 우유,5,210205,롯데마트,,,,0.0
푸르밀 검은콩우유,우유 이것만큼 맛잇는거 없음,5,210204,롯데마트,,,,0.0
푸르밀 검은콩우유,유통기한은 조금 입박하지만 평소에 좋아하던 우유라 싸게먹을수있어서 좋았습니다 배송도 빨랐어요,5,210203,푸르밀 공식 스토어,,,,0.0
푸르밀 검은콩우유,자주구매하는 제품입니다,5,210203,롯데마트,,,,0.0
푸르밀 검은콩우유,오우. 너무 달아요.ㅜ;;;;,3,210202,GS 프레시몰,,,,2.0
푸르밀 검은콩우유,잘받았습니다 잘받았습니다,5,210202,롯데마트,,,,4.0
,정확하고 빠른 배송 감사합니다.,구매 고객 평점 별 5개 중 5개,20221123,,0.0,0.0,0.0,4.0
,푸르밀 특유의 부드러운 넘김이 좋았어요. 약간 초코우유에서 느낀 맛이 났고 달콤하고 맛있어서 순식간에 다 먹었어요.,구매 고객 평점 별 5개 중 5개,20221122,,1.0,1.0,1.0,4.0
,맛있다. 가성비도 좋다!!,구매 고객 평점 별 5개 중 5개,20221121,,2.0,2.0,2.0,5.0
,"아주 진해요,  우유보다 배부른듯",구매 고객 평점 별 5개 중 4개,20221120,,3.0,3.0,3.0,0.0
,푸르밀 소식듣고 구매했어요 맛나네요,구매 고객 평점 별 5개 중 5개,20221120,,4.0,4.0,4.0,0.0
,이제 먹을수없다니 아쉽ㅜㅜ 잊지못할거예요,구매 고객 평점 별 5개 중 5개,20221120,,5.0,5.0,5.0,0.0
,첨가물이 들어간 우유는 정말 안 좋아하는데 유일하게 푸르밀 검은콩우유를 엄청 좋아해요. 빨리 재입고 해주셨으면 좋겠네요 ㅠㅠ,구매 고객 평점 별 5개 중 5개,20221120,,6.0,6.0,6.0,0.0
,자주 주문하는 상품입니다~^^,구매 고객 평점 별 5개 중 5개,20221119,,7.0,7.0,7.0,0.0
,굿~~유통기한만  잘받으면 좋음,구매 고객 평점 별 5개 중 5개,20221118,,8.0,8.0,8.0,4.5
,"푸르밀 맛나요,회사사 다시운영된다구해서 구매",구매 고객 평점 별 5개 중 5개,20221118,,9.0,9.0,9.0,0.0
,두유보다 덜 뻑뻑하네요,구매 고객 평점 별 5개 중 5개,20221117,,10.0,10.0,10.0,0.0
,최애 우유..왜 없어지는거에요..흑,구매 고객 평점 별 5개 중 5개,20221116,,11.0,11.0,11.0,0.0
,"고소하고 좋아요~
또 구매할께요.",구매 고객 평점 별 5개 중 5개,20221116,,12.0,12.0,12.0,0.0
,달달하고 맛있어요!,구매 고객 평점 별 5개 중 5개,20221116,,13.0,13.0,13.0,0.0
,맛있고 양도 괜찮아요,구매 고객 평점 별 5개 중 5개,20221116,,14.0,14.0,14.0,0.0
,푸르밀 없어진대서 샀는,구매 고객 평점 별 5개 중 5개,20221115,,15.0,15.0,15.0,2.0
,좋은 가격에 사서 만족합니다.,구매 고객 평점 별 5개 중 5개,20221114,,16.0,16.0,16.0,5.0
,요건 필요 할 때 종종 주문하네요,구매 고객 평점 별 5개 중 1개,20221113,,17.0,17.0,17.0,0.0
,단종되기전에 부지런히 먹어요,구매 고객 평점 별 5개 중 5개,20221113,,18.0,18.0,18.0,5.0
,맛이 괜찮아요 ㅋㅋ,구매 고객 평점 별 5개 중 4개,20221112,,19.0,19.0,19.0,0.0
,잘받았습니다 감사합니다,구매 고객 평점 별 5개 중 5개,20221112,,20.0,20.0,20.0,4.0
,잘받았습니다  좋아요,구매 고객 평점 별 5개 중 5개,20221111,,21.0,21.0,21.0,4.0
,"아들이 너무 조아하는 우유에요
푸르밀에서만 거의 검은콩우유 나오는데
사업 계속 유지한다니 다행이네요",구매 고객 평점 별 5개 중 5개,20221111,,22.0,22.0,22.0,5.0
,마감세일에 아주잘 샀어요,구매 고객 평점 별 5개 중 5개,20221111,,23.0,23.0,23.0,4.0
,검은콩 억시  푸르밀,구매 고객 평점 별 5개 중 5개,20221110,,24.0,24.0,24.0,0.0
,울딸이 좋아하는데 넘 달아서 안사주는데 단종된다해서 구입했어요..단종된다니 아이가 삽섭해하네요.,구매 고객 평점 별 5개 중 4개,20221110,,25.0,25.0,25.0,0.0
,잘받았습니다 감사합니다,구매 고객 평점 별 5개 중 5개,20221109,,26.0,26.0,26.0,4.0
,최고예요!,구매 고객 평점 별 5개 중 5개,20221109,,27.0,27.0,27.0,5.0
,검은콩이 들어가 아주 건강한 맛이네요,구매 고객 평점 별 5개 중 5개,20221108,,28.0,28.0,28.0,5.0
,검은콩우유 중에 제일 좋아하는데 먹을날이 얼마남지 않아 아쉽네요..,구매 고객 평점 별 5개 중 5개,20221107,,29.0,29.0,31.0,0.0
,진짜 최애 음료인데... 갑자기 이런 일이... 너무 아쉬워요 ㅠㅠ,구매 고객 평점 별 5개 중 5개,20221107,,30.0,30.0,32.0,0.0
,단종되기전에사다놨습니다 ㅠ,구매 고객 평점 별 5개 중 5개,20221107,,31.0,31.0,29.0,2.0
,가격 저렴하고 맛도 좋아서 자주 구매하는데 이제 구매할수가 없어 아쉬워요,구매 고객 평점 별 5개 중 5개,20221107,,32.0,32.0,30.0,5.0
,자주 구매합니다. 좋은 제품 감사합니다.,구매 고객 평점 별 5개 중 5개,20221106,,33.0,33.0,33.0,5.0
,"아이가 좋아해서 자주 시킵니다~
맛있어요",구매 고객 평점 별 5개 중 5개,20221106,,34.0,34.0,34.0,0.0
,푸르밀 검은콩 우유,구매 고객 평점 별 5개 중 4개,20221106,,35.0,35.0,35.0,0.0
,고소하고 달달 맛있어요,구매 고객 평점 별 5개 중 5개,20221106,,36.0,36.0,36.0,0.0
,푸르밀이 없어진다는 생각에 옛날생각이 나서 시켜봤어여,구매 고객 평점 별 5개 중 5개,20221106,,37.0,37.0,37.0,0.0
,"다른 두유 먹다가 이걸로 사봤어요
검은콩 함유제품이고 마시고 싶은 만큼 양조절도 가능해서 좋아요",구매 고객 평점 별 5개 중 5개,20221105,,38.0,38.0,38.0,0.0
,가끔 먹으면 맛있어요,구매 고객 평점 별 5개 중 4개,20221105,,39.0,39.0,39.0,0.0
,이제 못 먹는다고 하니까 더 땡기는..,구매 고객 평점 별 5개 중 5개,20221105,,40.0,40.0,40.0,3.0
,푸르밀 왜 대체 ㅠㅠ 이제 못먹는건가 ㅠㅠ 진짜 맛있는데,구매 고객 평점 별 5개 중 5개,20221104,,41.0,41.0,41.0,3.0
,오랜만에 검은콩우유 맛있어요. 예전보다 부드럽고 좀 달아진것 같지만 맛있어요,구매 고객 평점 별 5개 중 5개,20221104,,42.0,42.0,42.0,4.0
,상품 좋아요~ 배송도 좋아요~,구매 고객 평점 별 5개 중 5개,20221103,,43.0,43.0,44.0,0.0
,필요했었는데 좋아요,구매 고객 평점 별 5개 중 5개,20221103,,44.0,44.0,43.0,0.0
,"오랜만에 먹으니 넘 맛있어요
먹고나면 화장실을 잘 가는듯",구매 고객 평점 별 5개 중 5개,20221102,,45.0,45.0,45.0,4.0
,발아현미우유 없어지고 최애였는데 곧 단종된다니 아쉽네요,구매 고객 평점 별 5개 중 5개,20221102,,46.0,46.0,46.0,0.0
,늘사는 제품이에요ㅎ 맛있습니당,구매 고객 평점 별 5개 중 5개,20221101,,47.0,47.0,47.0,0.0
,안전하게 잘 배송되었어요,구매 고객 평점 별 5개 중 5개,20221101,,48.0,48.0,48.0,4.0
,쓱배송으로 편하게구입,구매 고객 평점 별 5개 중 5개,20221101,,49.0,49.0,49.0,5.0
,요즘 자주 구매하네요. 걸쭉하고달달해서 좋아하는 제품입니다.,구매 고객 평점 별 5개 중 5개,20221101,,50.0,50.0,50.0,5.0
,가성비가 좋은 제품 추천합니다.,구매 고객 평점 별 5개 중 5개,20221101,,51.0,51.0,51.0,5.0
,가성비가 좋은 제품 추천합니다.,구매 고객 평점 별 5개 중 5개,20221101,,52.0,52.0,52.0,5.0
,항상 구매하는 상품이에요,구매 고객 평점 별 5개 중 5개,20221101,,53.0,53.0,53.0,0.0
,항상 주문하는 거에요 추천드립니다,구매 고객 평점 별 5개 중 5개,20221101,,54.0,54.0,54.0,0.0
,고소하니 좋아�Gㅎㅎ,구매 고객 평점 별 5개 중 5개,20221031,,55.0,55.0,58.0,4.5
,늘 사먹어요~~고소하고 맛나요,구매 고객 평점 별 5개 중 5개,20221031,,56.0,56.0,59.0,0.0
,[푸르밀] 검은콩 우유 900ml 맛있어요~,구매 고객 평점 별 5개 중 4개,20221031,,57.0,57.0,60.0,0.0
,푸르밀 검은콩우유 아이가 먹고 싶다해서 시켜봤네요,구매 고객 평점 별 5개 중 5개,20221031,,58.0,58.0,57.0,0.0
,아들이 좋아하는 것 ㅜㅜ,구매 고객 평점 별 5개 중 5개,20221031,,59.0,59.0,56.0,5.0
,자주 구매하는 제품입니다,구매 고객 평점 별 5개 중 5개,20221031,,60.0,60.0,55.0,0.0
,달아요.설탕이 엄청들어간 기분,구매 고객 평점 별 5개 중 5개,20221030,,61.0,61.0,62.0,0.0
,"아이들이 좋아해요.
사 놓으면 금방 없어지네요.",구매 고객 평점 별 5개 중 5개,20221030,,62.0,62.0,61.0,0.0
,빠른 배송과 이게 먹고 �苡底� 주문했어용,구매 고객 평점 별 5개 중 5개,20221029,,63.0,63.0,63.0,0.0
,검은콩 우유 900ml 만족,구매 고객 평점 별 5개 중 5개,20221028,,64.0,64.0,65.0,5.0
,제발 유통기한 신경 좀 써주세요...날짜 얼마 안남은건 쏙배송말고 매장 할인으로 파셔요...,구매 고객 평점 별 5개 중 4개,20221028,,65.0,65.0,66.0,4.0
,고소하고 영양가도 높고 저렴하네요,구매 고객 평점 별 5개 중 4개,20221028,,66.0,66.0,67.0,4.0
,"품절이 매일이라 아쉽습니다
어렵게 구매
맛있어요",구매 고객 평점 별 5개 중 5개,20221028,,67.0,67.0,64.0,1.0
,푸르밀 없어진데서 샀습니다..,구매 고객 평점 별 5개 중 3개,20221027,,68.0,68.0,68.0,0.0
,아직 먹어보기전인데 맛있게 잘먹을게요,구매 고객 평점 별 5개 중 5개,20221026,,69.0,69.0,69.0,4.5
,푸르밀이 곧 없어진대서 마지막으로 먹어 보고 싶었어요,구매 고객 평점 별 5개 중 5개,20221026,,70.0,70.0,70.0,2.0
,검은콩우유 맛있어요^^,구매 고객 평점 별 5개 중 5개,20221026,,71.0,71.0,71.0,4.0
,잘 사용하고 있어요,구매 고객 평점 별 5개 중 5개,20221026,,72.0,72.0,72.0,4.0
,맛있는 검은콩 우유,구매 고객 평점 별 5개 중 5개,20221026,,73.0,73.0,73.0,5.0
,너무 맛있어요 추천해요,구매 고객 평점 별 5개 중 5개,20221025,,74.0,74.0,74.0,0.0
,검은콩우유 푸르밀 너므해여 매반 시키는건뎅,구매 고객 평점 별 5개 중 5개,20221025,,75.0,75.0,75.0,0.0
,달달하고 맛있어요...,구매 고객 평점 별 5개 중 5개,20221024,,76.0,76.0,77.0,0.0
,저렴하게 잘 구입했어요 좋아요,구매 고객 평점 별 5개 중 5개,20221024,,77.0,77.0,76.0,4.0
,검은콩 우유 맛있어요,구매 고객 평점 별 5개 중 4개,20221023,,78.0,78.0,78.0,0.0
,세일해서 저렴하게 구입했어요,구매 고객 평점 별 5개 중 4개,20221022,,79.0,79.0,79.0,0.0
,잘 받았습니다 만족합니다,구매 고객 평점 별 5개 중 5개,20221022,,80.0,80.0,80.0,4.0
,자주구매하는 상품입니다 재구매 의사 있습니다.,구매 고객 평점 별 5개 중 4개,20221022,,81.0,81.0,81.0,0.0
,푸르밀 마지막 검은콩 우유... 푸르밀이 망할줄은 몰랐네 참 좋아했는데...,구매 고객 평점 별 5개 중 5개,20221021,,82.0,82.0,82.0,0.0
,맛있어요 배송도 빠르고 좋아요,구매 고객 평점 별 5개 중 5개,20221021,,83.0,83.0,83.0,0.0
,매번 사는거예용 좋아요~,구매 고객 평점 별 5개 중 5개,20221020,,84.0,84.0,84.0,0.0
,푸르밀이 문 닫는다니 이젠 먹기 힘들겠네요. 좋아하던 제품인데.,구매 고객 평점 별 5개 중 5개,20221020,,85.0,85.0,85.0,0.0
,맛있어서 기회되는대로 먹어요,구매 고객 평점 별 5개 중 5개,20221020,,86.0,86.0,86.0,0.0
,매우 맛있고 담백 합니다,구매 고객 평점 별 5개 중 5개,20221020,,87.0,87.0,87.0,0.0
,가격도좋고맛도조아요굿,구매 고객 평점 별 5개 중 5개,20221019,,88.0,88.0,90.0,5.0
,상품 배송 품질 가격 좋아요,구매 고객 평점 별 5개 중 5개,20221019,,89.0,89.0,91.0,0.0
,오랜만에 생각나서 주문해봤어요,구매 고객 평점 별 5개 중 5개,20221019,,90.0,90.0,92.0,0.0
,검은콩 우유 너무 맛있음,구매 고객 평점 별 5개 중 5개,20221019,,91.0,91.0,89.0,0.0
,종종 시켜먹어요 맛있어용,구매 고객 평점 별 5개 중 5개,20221019,,92.0,92.0,88.0,0.0
,제가 제일 좋아하는 검은콩 우유 맛있어요,구매 고객 평점 별 5개 중 5개,20221018,,93.0,93.0,93.0,5.0
,필요할때 가끔 주문하는 상품이예요..,구매 고객 평점 별 5개 중 2개,20221017,,94.0,94.0,94.0,0.0
,매번주문하는 상품입니다 추천해요 많이 달지 않아 좋아요,구매 고객 평점 별 5개 중 5개,20221017,,95.0,95.0,95.0,0.0
,딸이 좋아하는 우유예요. 걸쭉하고 고소하니 맛있어요.,구매 고객 평점 별 5개 중 5개,20221017,,96.0,96.0,96.0,5.0
,진하고 걸쭉해요 고소하고 너무 맛있어요,구매 고객 평점 별 5개 중 5개,20221016,,97.0,97.0,97.0,0.0
,오랜만에 먹었는데 맛있네요,구매 고객 평점 별 5개 중 5개,20221016,,98.0,98.0,98.0,0.0
,고소하고 맛있는 우유 입니다.,구매 고객 평점 별 5개 중 5개,20221015,,99.0,99.0,99.0,5.0
,자주 구매하는 제품,구매 고객 평점 별 5개 중 5개,20221015,,100.0,100.0,100.0,0.0
,맛있어요 자주 이용할께요,구매 고객 평점 별 5개 중 5개,20221015,,101.0,101.0,101.0,0.0
,맛있어요 아이가 좋아해요,구매 고객 평점 별 5개 중 5개,20221014,,102.0,102.0,102.0,0.0
,좋아요  좋아요  좋아요,구매 고객 평점 별 5개 중 5개,20221012,,103.0,103.0,103.0,0.0
,이마트몰 [푸르밀] 검은콩 우유 900ml,구매 고객 평점 별 5개 중 5개,20221011,,104.0,104.0,104.0,0.0
,식구들이 좋아해서 구입해서 자주 먹어요,구매 고객 평점 별 5개 중 4개,20221011,,105.0,105.0,105.0,0.0
,고소하고 아주 맛있어요.,구매 고객 평점 별 5개 중 5개,20221010,,106.0,106.0,106.0,0.0
,적당한 단맛과 콩의 영양가 좋아요,구매 고객 평점 별 5개 중 5개,20221008,,107.0,107.0,107.0,4.0
,저렴하게 잘 구입했어요 좋아요,구매 고객 평점 별 5개 중 5개,20221008,,108.0,108.0,108.0,4.0
,애가 좋아해서 가끔 구입합니다 달달하니 고소하니 맛있습니다,구매 고객 평점 별 5개 중 5개,20221008,,109.0,109.0,109.0,0.0
,아이들이 좋아해요~^^,구매 고객 평점 별 5개 중 5개,20221007,,110.0,110.0,110.0,0.0
,안전하게잘도착했어요,구매 고객 평점 별 5개 중 5개,20221007,,111.0,111.0,111.0,0.0
,아침식사용으로 구매했어요~,구매 고객 평점 별 5개 중 5개,20221007,,112.0,112.0,112.0,0.0
,애들이 좋아해요ㅎㅎ,구매 고객 평점 별 5개 중 5개,20221007,,113.0,113.0,113.0,4.0
,자주 구입하는 상품입니다,구매 고객 평점 별 5개 중 5개,20221006,,114.0,114.0,114.0,0.0
,간단하게 한잔 마시면 든든하고 좋아요~!,구매 고객 평점 별 5개 중 5개,20221005,,115.0,115.0,115.0,5.0
,맛있고 간단하게 아침에 마시기 좋아요!,구매 고객 평점 별 5개 중 5개,20221005,,116.0,116.0,116.0,0.0
,검은 콩 우유을 엄청 좋아해서 2팩이나 구매했어요. 입맛 없을 때 한잔씩 마시면 좋아요.,구매 고객 평점 별 5개 중 5개,20221005,,117.0,117.0,117.0,0.0
,맛있어요. 잘 받았습니다.,구매 고객 평점 별 5개 중 5개,20221005,,118.0,118.0,118.0,4.0
,건강한 두유맛인듯 ㅋ ㅋ,구매 고객 평점 별 5개 중 5개,20221005,,119.0,119.0,119.0,5.0
,맛있어요.  금방 먹네요.,구매 고객 평점 별 5개 중 5개,20221004,,120.0,120.0,121.0,0.0
,싸게 잘샀어요 ㅎㅎ,구매 고객 평점 별 5개 중 5개,20221004,,121.0,121.0,122.0,4.0
,검은콩이 들어가서 더 고소하네요,구매 고객 평점 별 5개 중 5개,20221004,,122.0,122.0,120.0,0.0
,재품에는 이상없이 잘 먹었습니다,구매 고객 평점 별 5개 중 4개,20221003,,123.0,123.0,123.0,4.0
,마감세일하면 꼭 구매해요 달달해요,구매 고객 평점 별 5개 중 5개,20221002,,124.0,124.0,124.0,0.0
,저렴하게 잘샀어요~~,구매 고객 평점 별 5개 중 5개,20221002,,125.0,125.0,125.0,4.0
,항상 주문하는 거에요 추천드립니다,구매 고객 평점 별 5개 중 5개,20221001,,126.0,126.0,126.0,0.0
,고소하고 맛있어요~~,구매 고객 평점 별 5개 중 5개,20221001,,127.0,127.0,127.0,0.0
,"맛있어요
마음에들어요",구매 고객 평점 별 5개 중 5개,20220930,,128.0,128.0,128.0,0.0
,"항상 구매하는 제품, 제 입맛에 가장 잘 맞는 우유에요.",구매 고객 평점 별 5개 중 5개,20220930,,129.0,129.0,129.0,4.0
,우유하고 미숫가루 비슷한맛,구매 고객 평점 별 5개 중 5개,20220930,,130.0,130.0,130.0,0.0
,항상 주문하는 상품입니다,구매 고객 평점 별 5개 중 5개,20220929,,131.0,131.0,131.0,0.0
,걸쭉한 텍스쳐 좋아해요,구매 고객 평점 별 5개 중 4개,20220929,,132.0,132.0,132.0,0.0
,[푸르밀] 검은콩 우유 맛있어요~,구매 고객 평점 별 5개 중 4개,20220928,,133.0,133.0,133.0,0.0
,할인하깅애 한번 사봤어요,구매 고객 평점 별 5개 중 5개,20220927,,134.0,134.0,134.0,4.0
,검은 콩이 섞인 우유라서 어머니께서 아주 좋아하세요.,구매 고객 평점 별 5개 중 4개,20220927,,135.0,135.0,135.0,0.0
,검은콩 고소하니 맛나뇨,구매 고객 평점 별 5개 중 5개,20220926,,136.0,136.0,137.0,0.0
,검은콩우유맛있어요!굳,구매 고객 평점 별 5개 중 5개,20220926,,137.0,137.0,138.0,0.0
,얘들이 두유보다 검은콩우유를 더 좋아해서 자주 구입합니다.,구매 고객 평점 별 5개 중 5개,20220926,,138.0,138.0,136.0,0.0
,검은 콩 맛이 조금 더 진했으면 좋겠음. 그래도 맛있긴 함.,구매 고객 평점 별 5개 중 4개,20220924,,139.0,139.0,139.0,0.0
,"터지지 안전하게 배송왔구요.
저렴하게 구매했어요~",구매 고객 평점 별 5개 중 5개,20220924,,140.0,140.0,140.0,0.0
,맛이좋아서 간식으로 구매합니다,구매 고객 평점 별 5개 중 4개,20220924,,141.0,141.0,141.0,5.0
,잘 받았습니다 만족합니다,구매 고객 평점 별 5개 중 5개,20220924,,142.0,142.0,142.0,4.0
,달달하이 맛이 좋아요,구매 고객 평점 별 5개 중 4개,20220922,,143.0,143.0,143.0,0.0
,최고예요!,구매 고객 평점 별 5개 중 5개,20220922,,144.0,144.0,144.0,5.0
,오랜만에 시켜 먹어봤는데 맛있어요,구매 고객 평점 별 5개 중 5개,20220920,,145.0,145.0,146.0,0.0
,단거를 먹으면 안되는 상태가 되었는데 전에는 이렇게 달다고 생각 안하고 마셨는데 단거를 잘 안먹다보니 많이 달으네요,구매 고객 평점 별 5개 중 4개,20220920,,146.0,146.0,145.0,4.0
,아이들이 아주 좋아해요,구매 고객 평점 별 5개 중 5개,20220919,,147.0,147.0,147.0,0.0
,쓱배송으로 구입했어요,구매 고객 평점 별 5개 중 5개,20220919,,148.0,148.0,148.0,0.0
,딸이 좋아해서 구매해 먹어요.진하고 맛있어요.,구매 고객 평점 별 5개 중 5개,20220918,,149.0,149.0,149.0,1.0
,항상 구매하는 제품입니다.,구매 고객 평점 별 5개 중 5개,20220917,,150.0,150.0,150.0,0.0
,늘 시키는 거예요 만족합니다,구매 고객 평점 별 5개 중 5개,20220916,,151.0,151.0,151.0,0.0
,"쓱배송 조아요 짱짱
신선도",구매 고객 평점 별 5개 중 5개,20220916,,152.0,152.0,152.0,0.0
,오랜만에 검은콩 우유는 맛있습니다. 걸죽해서 한 잔 먹으면 든든해요 고소 하니 재주문 예정,구매 고객 평점 별 5개 중 5개,20220915,,153.0,153.0,153.0,0.0
,맛있게 잘 먹었습니다.,구매 고객 평점 별 5개 중 5개,20220914,,154.0,154.0,155.0,4.5
,뭐.. 가격대비 맛있어요,구매 고객 평점 별 5개 중 5개,20220914,,155.0,155.0,154.0,0.0
,항상 주문하는 제품입니다,구매 고객 평점 별 5개 중 5개,20220913,,156.0,156.0,156.0,0.0
,이제 검은콩은 여기회사말고는 안만드나봅니다 원샷가능. 맛있네요,구매 고객 평점 별 5개 중 5개,20220912,,157.0,157.0,157.0,0.0
,검은콩우유는 이게 젤 맛있어요,구매 고객 평점 별 5개 중 5개,20220912,,158.0,158.0,158.0,0.0
,상품의 품질과 성능이 평균적인 수준에서 괜찮은 편입니다.,구매 고객 평점 별 5개 중 3개,20220911,,159.0,159.0,159.0,0.0
,가끔 검은콩우유가 생각나서 사 먹는데 맛있아요,구매 고객 평점 별 5개 중 5개,20220911,,160.0,160.0,160.0,0.0
,달달하니 맛이 있어요,구매 고객 평점 별 5개 중 5개,20220910,,161.0,161.0,161.0,0.0
,자주 구입하는 제품입니다,구매 고객 평점 별 5개 중 5개,20220909,,162.0,162.0,162.0,0.0
,좋아요!,구매 고객 평점 별 5개 중 4개,20220907,,163.0,163.0,163.0,0.0
,자주 구매하는 상품입니다 좋아요,구매 고객 평점 별 5개 중 5개,20220907,,164.0,164.0,164.0,0.0
,자주 구매하는 상품입니다 좋아요,구매 고객 평점 별 5개 중 5개,20220907,,165.0,165.0,165.0,0.0
,쓱 배송 너무 좋아요! 잘 받았습니다ㅎㅎㅎ,구매 고객 평점 별 5개 중 5개,20220906,,166.0,166.0,166.0,4.0
,요즘자주사먹는아이템입니다,구매 고객 평점 별 5개 중 5개,20220906,,167.0,167.0,167.0,0.0
,달달 고소하고 맛있어요 배송상태 좋았어요,구매 고객 평점 별 5개 중 5개,20220905,,168.0,168.0,168.0,0.0
,콩우유. 두유 많이 먹는데 이 제품이 젤 맛있어요.,구매 고객 평점 별 5개 중 5개,20220905,,169.0,169.0,169.0,0.0
,"좀달긴한데 넘맛있어요
3살아이에겐 많이달꺼같아서 흰우유랑 반반섞어주니 맛있다하네요",구매 고객 평점 별 5개 중 5개,20220904,,170.0,170.0,170.0,0.0
,너무 괜찮네요 다음에도 구매할게요,구매 고객 평점 별 5개 중 5개,20220902,,171.0,171.0,171.0,0.0
,아침에 먹고 가기 좋아요 굳,구매 고객 평점 별 5개 중 5개,20220901,,172.0,172.0,172.0,0.0
,"자주 구매해요 
맛있어요 
배송도 굿",구매 고객 평점 별 5개 중 5개,20220901,,173.0,173.0,173.0,0.0
,건강한느낌 맛있어요,구매 고객 평점 별 5개 중 5개,20220901,,174.0,174.0,174.0,5.0
,항상 잘 이용하고 있어요~,구매 고객 평점 별 5개 중 5개,20220901,,175.0,175.0,175.0,4.0
,항상 편하게 잘 이용하고 있습니다.,구매 고객 평점 별 5개 중 5개,20220901,,176.0,176.0,176.0,4.5
,고소하고 맛있어요 좋아요,구매 고객 평점 별 5개 중 5개,20220901,,177.0,177.0,177.0,0.0
,좋아요.잘쓰고있습니다,구매 고객 평점 별 5개 중 5개,20220901,,178.0,178.0,178.0,0.0
,좋아요 괜찮아요 나쁘지않아요,구매 고객 평점 별 5개 중 5개,20220901,,179.0,179.0,179.0,0.0
,아들이 좋아하는 것,구매 고객 평점 별 5개 중 5개,20220831,,180.0,180.0,180.0,5.0
,맛있어요 자주 애용하고 있습니다 추천합니다,구매 고객 평점 별 5개 중 5개,20220831,,181.0,181.0,181.0,0.0
,맛나요 그리고 좋아요,구매 고객 평점 별 5개 중 5개,20220830,,182.0,182.0,182.0,0.0
,검은콩이 들어가서 진하고  맛있어요,구매 고객 평점 별 5개 중 5개,20220829,,183.0,183.0,186.0,0.0
,아주 맛있어요 자주 사먹습니다,구매 고객 평점 별 5개 중 5개,20220829,,184.0,184.0,188.0,0.0
,아주 맛있어요 자주 사먹습니다,구매 고객 평점 별 5개 중 5개,20220829,,185.0,185.0,187.0,0.0
,검은콩우유 너무맛있어용,구매 고객 평점 별 5개 중 5개,20220829,,186.0,186.0,183.0,0.0
,출출할때 한잔씩 마시기 좋아요,구매 고객 평점 별 5개 중 5개,20220829,,187.0,187.0,185.0,0.0
,조아오용 아주마시써요 다음에 또시킬거에용:) 맛이머용ㅎㅎㅎ,구매 고객 평점 별 5개 중 5개,20220829,,188.0,188.0,184.0,1.5
,최고예요!,구매 고객 평점 별 5개 중 5개,20220828,,189.0,189.0,189.0,5.0
,아침에 먹기 좋아요,구매 고객 평점 별 5개 중 5개,20220828,,190.0,190.0,191.0,0.0
,아침 식사로 먹기 좋아요,구매 고객 평점 별 5개 중 5개,20220828,,191.0,191.0,192.0,0.0
,이거 마시고 흰우유마시면 맹맹한 느낌,구매 고객 평점 별 5개 중 5개,20220828,,192.0,192.0,190.0,0.0
,초코우유 보다는 건강하겠죠,구매 고객 평점 별 5개 중 5개,20220827,,193.0,193.0,193.0,0.0
,생각보다 맛이 안 진해요,구매 고객 평점 별 5개 중 4개,20220826,,194.0,194.0,194.0,0.0
,잘받았습니다 감사합니다,구매 고객 평점 별 5개 중 5개,20220825,,195.0,195.0,195.0,4.0
,자주 구매하는 상품입니다.,구매 고객 평점 별 5개 중 5개,20220825,,196.0,196.0,196.0,0.0
,맛나요 항상먹는거예요,구매 고객 평점 별 5개 중 5개,20220825,,197.0,197.0,197.0,0.0
,감사합니다 잘먹었어요,구매 고객 평점 별 5개 중 5개,20220824,,198.0,198.0,199.0,4.0
,저는 이우유가 제일 맛있어요,구매 고객 평점 별 5개 중 5개,20220824,,199.0,199.0,200.0,0.0
,맛있어요 하루에 다 먹을거같음,구매 고객 평점 별 5개 중 5개,20220824,,200.0,200.0,198.0,0.0
,저렴하게 잘 구입했어요 좋아요,구매 고객 평점 별 5개 중 5개,20220822,,201.0,201.0,202.0,4.0
,항상 잘 이용하고 있습니다!!,구매 고객 평점 별 5개 중 5개,20220822,,202.0,202.0,203.0,4.0
,달달하니 맛잇습니다 검은콩화이팅,구매 고객 평점 별 5개 중 4개,20220822,,203.0,203.0,204.0,0.0
,저렴하게 잘 구입했어요 좋아요,구매 고객 평점 별 5개 중 5개,20220822,,204.0,204.0,201.0,4.0
,아이가 흰우유에 살짝 타서 먹는 걸 좋아해서 구매...,구매 고객 평점 별 5개 중 5개,20220821,,205.0,205.0,205.0,0.0
,맛있어요 고소하고 신선해서 좋아요,구매 고객 평점 별 5개 중 5개,20220821,,206.0,206.0,206.0,0.0
,최고예요!,구매 고객 평점 별 5개 중 5개,20220821,,207.0,207.0,207.0,5.0
,고소하고 달달한 우유,구매 고객 평점 별 5개 중 5개,20220821,,208.0,208.0,208.0,0.0
,"애들이 좋아하는 콩우유.
두유와는 다르다고 좋아합니다",구매 고객 평점 별 5개 중 5개,20220820,,209.0,209.0,209.0,5.0
,최고예요!  최고예요!,구매 고객 평점 별 5개 중 5개,20220820,,210.0,210.0,210.0,5.0
,늘 사는 제품이에요ㅎ 좋아요,구매 고객 평점 별 5개 중 5개,20220819,,211.0,211.0,211.0,0.0
,맛있어어계속주문하고있어요,구매 고객 평점 별 5개 중 5개,20220819,,212.0,212.0,212.0,0.0
,남편이 좋아해서 자주 사요,구매 고객 평점 별 5개 중 5개,20220818,,213.0,213.0,214.0,0.0
,꼬소하고 맛있네요!!,구매 고객 평점 별 5개 중 5개,20220818,,214.0,214.0,215.0,0.0
,생각외로 괜찮네요 만족,구매 고객 평점 별 5개 중 5개,20220818,,215.0,215.0,213.0,5.0
,항상 주문하는 식품 입니다,구매 고객 평점 별 5개 중 5개,20220817,,216.0,216.0,217.0,0.0
,항상 주문하는 식품 입니다,구매 고객 평점 별 5개 중 5개,20220817,,217.0,217.0,218.0,0.0
,조아요조아요아주아주조아요너무너무아주아주 조아요 짱이에요조아요조아요아주아주조아요너무너무아주아주 조아요 짱이에요조아요조아요아주아주조아요너무너무아주아주 조아요 짱이에요조아요조아요아주아주조아요너무너무아주아주 조아요 짱이에요조아요조아요아주아주조아요너무너무아주아주 조아요 짱이에요조아요조아요아주아주조아요너무너무아주아주 조아요 짱이에요조아요조아요아주아주조아요너무너무아주아주 조아요 짱이에요조아요조아요아주아주조아요너무너무아주아주 조아요 짱이에요조아요조아요아주아주조아요,구매 고객 평점 별 5개 중 5개,20220817,,218.0,218.0,219.0,0.0
,최고예요!,구매 고객 평점 별 5개 중 5개,20220817,,219.0,219.0,220.0,5.0
,배송도 빠르고 좋아요 상품들도,구매 고객 평점 별 5개 중 4개,20220817,,220.0,220.0,216.0,0.0
,최애제품. 걸쭉하고 달달하니 맛나네요,구매 고객 평점 별 5개 중 5개,20220816,,221.0,221.0,221.0,0.0
,오랜만에 샀는데 여전히 고소하고 맛있네요~,구매 고객 평점 별 5개 중 5개,20220816,,222.0,222.0,222.0,0.0
,개인적으로 고소한 맛이 좋아서 항상 구매합니다.,구매 고객 평점 별 5개 중 5개,20220816,,223.0,223.0,223.0,5.0
,개인적으로 선호하는 우유입니다.,구매 고객 평점 별 5개 중 5개,20220816,,224.0,224.0,224.0,0.0
,30프로 마감세일하면  꼭사요,구매 고객 평점 별 5개 중 5개,20220815,,225.0,225.0,227.0,0.0
,최고예요!,구매 고객 평점 별 5개 중 5개,20220815,,226.0,226.0,228.0,5.0
,맛있어요 고소하고 신선해서,구매 고객 평점 별 5개 중 5개,20220815,,227.0,227.0,229.0,0.0
,마감세일하면 꼭 구매해요,구매 고객 평점 별 5개 중 5개,20220815,,228.0,228.0,226.0,0.0
,마감세일할때만 구매해요,구매 고객 평점 별 5개 중 5개,20220815,,229.0,229.0,225.0,0.0
,고소하고 맛있어요 아침대용으로먹어요.,구매 고객 평점 별 5개 중 5개,20220813,,230.0,230.0,230.0,0.0
,"흰우유를 잘못 먹는데 던백질,칼슘은 충전 해야겠고 건강해지면서도 양양소 듬뿍 맛도 따봉!!!!",구매 고객 평점 별 5개 중 5개,20220813,,231.0,231.0,231.0,1.0
,검은콩 우유는  언제나 고소해요,구매 고객 평점 별 5개 중 5개,20220812,,232.0,232.0,232.0,0.0
,좋아요. 자주 구매하는 품목입니다,구매 고객 평점 별 5개 중 5개,20220811,,233.0,233.0,233.0,0.0
,"너무맛있어서 늘구매품목이지만
매진이 많네요",구매 고객 평점 별 5개 중 5개,20220810,,234.0,234.0,234.0,0.0
,푸르밀 검은콩 우유 만족,구매 고객 평점 별 5개 중 5개,20220807,,235.0,235.0,235.0,5.0
,배달로 편하게 잘 이용했어요,구매 고객 평점 별 5개 중 5개,20220806,,236.0,236.0,236.0,4.5
,너무맛나요.늘구매해요,구매 고객 평점 별 5개 중 5개,20220806,,237.0,237.0,237.0,1.0
,즐겨 마시고 있습니다. 두유보단 덜 텁텁하고 달달하거든요.,구매 고객 평점 별 5개 중 5개,20220804,,238.0,238.0,238.0,5.0
,좋은상품잘구매했습니다.많이파세요.,구매 고객 평점 별 5개 중 5개,20220802,,239.0,239.0,239.0,4.5
,검은콩이 들어있어 건강해지는 느낌 입니다,구매 고객 평점 별 5개 중 5개,20220802,,240.0,240.0,240.0,0.0
,조금만 덜 달면 좋을텐데..,구매 고객 평점 별 5개 중 5개,20220802,,241.0,241.0,241.0,0.0
,항상주문하는거에요 추천드려요,구매 고객 평점 별 5개 중 5개,20220801,,242.0,242.0,247.0,0.0
,잘먹을게요. 감사합니다.,구매 고객 평점 별 5개 중 5개,20220801,,243.0,243.0,246.0,4.0
,좋은 가격에 사서 만족합니다.,구매 고객 평점 별 5개 중 5개,20220801,,244.0,244.0,245.0,5.0
,좋은 가격에 사서 만족합니다.,구매 고객 평점 별 5개 중 5개,20220801,,245.0,245.0,244.0,5.0
,가격이 합리적이어서 좋아요,구매 고객 평점 별 5개 중 5개,20220801,,246.0,246.0,242.0,0.0
,좋은 가격에 사서 만족합니다.,구매 고객 평점 별 5개 중 5개,20220801,,247.0,247.0,243.0,5.0
,좀 달지만 맛있어요,구매 고객 평점 별 5개 중 5개,20220731,,248.0,248.0,248.0,0.0
,항상 신랑이 먹는 우유입니다.,구매 고객 평점 별 5개 중 5개,20220730,,249.0,249.0,249.0,0.0
,검은콩이 들어있어서  넘 고소해요,구매 고객 평점 별 5개 중 5개,20220729,,250.0,250.0,250.0,0.0
,구매완료:) 배송에도 문제없고 제품에도 문제없이 잘 이용했습니다,구매 고객 평점 별 5개 중 5개,20220729,,251.0,251.0,251.0,3.0
,[푸르밀] 검은콩 우유 900ml,구매 고객 평점 별 5개 중 5개,20220728,,252.0,252.0,252.0,0.0
,검은콩이라 샀는데 꿀물?,구매 고객 평점 별 5개 중 5개,20220728,,253.0,253.0,253.0,0.0
,최애 상품입니다!!,구매 고객 평점 별 5개 중 5개,20220728,,254.0,254.0,254.0,0.0
,최애 상품입니다!!,구매 고객 평점 별 5개 중 4개,20220728,,255.0,255.0,255.0,0.0
,아들이 좋아해서 자주 주문합니다,구매 고객 평점 별 5개 중 5개,20220728,,256.0,256.0,256.0,0.0
,맛있어요 고소하고 담백해요,구매 고객 평점 별 5개 중 5개,20220727,,257.0,257.0,257.0,0.0
,잘받았습니다 감사합니다,구매 고객 평점 별 5개 중 5개,20220726,,258.0,258.0,258.0,4.0
,잘받았습니다 감사합니다,구매 고객 평점 별 5개 중 5개,20220726,,259.0,259.0,259.0,4.0
,잘받았습니다 감사합니다,구매 고객 평점 별 5개 중 5개,20220726,,260.0,260.0,260.0,4.0
,달달하고 고소해요..,구매 고객 평점 별 5개 중 5개,20220725,,261.0,261.0,263.0,0.0
,"달짝지금한 우유
두유와 우유의 중간
시리얼 먹을때 같이 먹어봤는데 달아서 흰우유로 갈아타려고요",구매 고객 평점 별 5개 중 5개,20220725,,262.0,262.0,261.0,0.0
,이우유남편이참좋아해요,구매 고객 평점 별 5개 중 5개,20220725,,263.0,263.0,262.0,0.0
,이거 있을때마다 사요 너무 맛있어요,구매 고객 평점 별 5개 중 5개,20220724,,264.0,264.0,264.0,0.0
,검은콩 우유는 재고 있을때 항상 사놓아요.,구매 고객 평점 별 5개 중 5개,20220724,,265.0,265.0,265.0,0.0
,상품 잘 받았습니다.,구매 고객 평점 별 5개 중 5개,20220721,,266.0,266.0,266.0,4.0
,구수하니 맛납니다~~좋아요,구매 고객 평점 별 5개 중 5개,20220721,,267.0,267.0,267.0,0.0
,동네마트에선 구입하기 힘든데 좋아요,구매 고객 평점 별 5개 중 5개,20220721,,268.0,268.0,268.0,0.0
,검은콩 우유 너무 좋아해서 종종 주문해서 먹어요!,구매 고객 평점 별 5개 중 5개,20220720,,269.0,269.0,269.0,0.0
,가격 그새 엄청 올랐어요 ㅠㅠ,구매 고객 평점 별 5개 중 5개,20220720,,270.0,270.0,270.0,0.0
,"맛있어요 
두유 질린 딸램에게 신세계",구매 고객 평점 별 5개 중 5개,20220720,,271.0,271.0,271.0,0.0
,검은콩 우유는 여기가 제일 맛있어요,구매 고객 평점 별 5개 중 5개,20220720,,272.0,272.0,272.0,0.0
,쓰던 제품이예요 잘 쓸께여~~늘 쓰던 제품이예요 잘 쓸께여~~늘 쓰던 제품이예요 잘 쓸께여~~늘 쓰던 제품이예요 잘 쓸께여~~늘 쓰던 제품이예요 잘 쓸께여~~늘 쓰던 제품이예요 잘 쓸께여~~늘 쓰던 제품이예요 잘 쓸께여~~늘 쓰던 제품이예요 잘 쓸께여~~늘 쓰던 제품이예요 잘 쓸께여~~늘 쓰던 제품이예요 잘 쓸께여~~늘 쓰던 제품이예요 잘 쓸께여~~늘 쓰던 제품이예요 잘 쓸께여~~늘 쓰던 제품이예요 잘 쓸께여~~늘 쓰던 제품이예요 잘 쓸께여,구매 고객 평점 별 5개 중 5개,20220720,,273.0,273.0,273.0,4.0
,좋아요~ 우유는 별로 안좋아 하지먀 요건 망있게 먹고 있어요,구매 고객 평점 별 5개 중 5개,20220719,,274.0,274.0,274.0,0.0
,항상 사먹는거예요~,구매 고객 평점 별 5개 중 5개,20220718,,275.0,275.0,276.0,0.0
,검은콩우유 가격좋아요,구매 고객 평점 별 5개 중 5개,20220718,,276.0,276.0,277.0,0.0
,레알 느무 맛있어요,구매 고객 평점 별 5개 중 5개,20220718,,277.0,277.0,275.0,0.0
,아침에 먹기 좋고 편해서 좋았어요,구매 고객 평점 별 5개 중 5개,20220717,,278.0,278.0,278.0,5.0
,엄마가 좋아하시고 꾸준히 드시는거라 주문합니다,구매 고객 평점 별 5개 중 4개,20220716,,279.0,279.0,279.0,5.0
,검은콩우유 맛있습니다,구매 고객 평점 별 5개 중 5개,20220716,,280.0,280.0,280.0,0.0
,어른 아이 잘먹어서 자주 구매합니다,구매 고객 평점 별 5개 중 1개,20220715,,281.0,281.0,281.0,4.0
,배송도 빠르고 좋습니다.,구매 고객 평점 별 5개 중 5개,20220715,,282.0,282.0,282.0,0.0
,할인해서 샀어요~ 많이 달아요!,구매 고객 평점 별 5개 중 4개,20220714,,283.0,283.0,283.0,4.0
,팩이 많이 찌그러져 왔네요~,구매 고객 평점 별 5개 중 2개,20220714,,284.0,284.0,284.0,2.0
,두유인줄 알았는데 두유랑은 느낌이 다르고 꾸덕해요,구매 고객 평점 별 5개 중 3개,20220714,,285.0,285.0,285.0,0.0
,검은콩이  들어가 있어서 건강해지는느낌입니다,구매 고객 평점 별 5개 중 5개,20220713,,286.0,286.0,286.0,0.0
,싸게 아주 살 샀어요,구매 고객 평점 별 5개 중 5개,20220713,,287.0,287.0,287.0,0.0
,우유대신 먹는 제품,구매 고객 평점 별 5개 중 4개,20220713,,288.0,288.0,288.0,0.0
,가격이 매우 저렴하네여 맛있어여~~,구매 고객 평점 별 5개 중 5개,20220712,,289.0,289.0,289.0,0.0
,맛있었어요 약간 달달한 맛이 나서 부담없이 잘 먹었습니다,구매 고객 평점 별 5개 중 5개,20220712,,290.0,290.0,290.0,2.5
,구우우웃 입니다요 담백,구매 고객 평점 별 5개 중 5개,20220711,,291.0,291.0,292.0,0.0
,가성비 괜찮네요ㅎㅎ 가끔 구매ㅎ,구매 고객 평점 별 5개 중 5개,20220711,,292.0,292.0,291.0,4.0
,"검은콩우유
우유의 고소함과
검은콩의 건강함을 다 가지는 좋은 기회죠",구매 고객 평점 별 5개 중 5개,20220710,,293.0,293.0,293.0,5.0
,단백하고 약간 달달한 우유 좋아요,구매 고객 평점 별 5개 중 5개,20220710,,294.0,294.0,294.0,0.0
,신선하고 정말 맛있습니다.,구매 고객 평점 별 5개 중 5개,20220709,,295.0,295.0,295.0,0.0
,"검은콩 우유 좋아요~~
가격 올라서 아쉽..
그래도 굳!!",구매 고객 평점 별 5개 중 5개,20220709,,296.0,296.0,296.0,0.0
,"고송사고달달하니 맛좋아요
가격도 그전보다 저렴해 진것 같아요",구매 고객 평점 별 5개 중 5개,20220709,,297.0,297.0,297.0,0.0
,맛있습니다 좋아요 좋아요,구매 고객 평점 별 5개 중 5개,20220709,,298.0,298.0,298.0,0.0
,맛있어요. 고소하고 달콤ㅎ거요.,구매 고객 평점 별 5개 중 5개,20220709,,299.0,299.0,299.0,0.0
,검은콩 우유 맛나네요. ^^,구매 고객 평점 별 5개 중 5개,20220709,,300.0,300.0,300.0,4.0
,맛있어요 자주 구매함,구매 고객 평점 별 5개 중 4개,20220709,,301.0,301.0,301.0,0.0
,적당하게 검은콩 두유 맛이에요,구매 고객 평점 별 5개 중 5개,20220709,,302.0,302.0,302.0,4.0
,너녀융야엉어ㅓ어ㅑㅇ우넌ㄴ눈,구매 고객 평점 별 5개 중 5개,20220708,,303.0,303.0,303.0,0.0
,언제 먹어도 맛있는 검정콩우유! 상태 좋게 왔어요,구매 고객 평점 별 5개 중 5개,20220707,,304.0,304.0,304.0,5.0
,처음먹어보는 검은콩 우유 좀 달지만 그래도 맛은 좋아요,구매 고객 평점 별 5개 중 5개,20220706,,305.0,305.0,306.0,0.0
,맛있습니다 검은콩우유,구매 고객 평점 별 5개 중 5개,20220706,,306.0,306.0,307.0,0.0
,"이우유남편이너무맛있다고해서
3개나주문했어여ㅋㅋ",구매 고객 평점 별 5개 중 5개,20220706,,307.0,307.0,305.0,5.0
,항상 잘 이용하고 있습니다,구매 고객 평점 별 5개 중 5개,20220705,,308.0,308.0,309.0,4.0
,검은콩이 들어가서  고소하고  맛있어요,구매 고객 평점 별 5개 중 5개,20220705,,309.0,309.0,308.0,0.0
,싸게잘샀어요 ㅋㅋㅋ,구매 고객 평점 별 5개 중 5개,20220704,,310.0,310.0,310.0,0.0
,포장배송신선도 진짜 모두 좋았어요,구매 고객 평점 별 5개 중 5개,20220703,,311.0,311.0,311.0,0.0
,포장 배송 신선도 모두   좋았어요  유통기한도 길어서 좋았어요,구매 고객 평점 별 5개 중 5개,20220703,,312.0,312.0,312.0,0.0
,배송 잘오고 늘 시켜 먹어요.,구매 고객 평점 별 5개 중 5개,20220703,,313.0,313.0,313.0,4.0
,최고예요!,구매 고객 평점 별 5개 중 5개,20220702,,314.0,314.0,317.0,5.0
,늘 사먹는 고소하고 맛난 우유,구매 고객 평점 별 5개 중 5개,20220702,,315.0,315.0,318.0,0.0
,좋은 가격에 사서 만족합니다.,구매 고객 평점 별 5개 중 5개,20220702,,316.0,316.0,315.0,5.0
,항상 매번 구매하는 제품입니다. 흰 우유 보다 제 입맛에는 고소하고 잘 맞네요.,구매 고객 평점 별 5개 중 5개,20220702,,317.0,317.0,316.0,4.0
,좋은 가격에 사서 만족합니다.,구매 고객 평점 별 5개 중 5개,20220702,,318.0,318.0,314.0,5.0
,어렸을때 부터 좋아하던 제품이에요. 은은하게 달고 고소하니 맛있어요.,구매 고객 평점 별 5개 중 5개,20220701,,319.0,319.0,319.0,0.0
,고소하고 맛있어요 할인 자주 했으면 좋겠어요,구매 고객 평점 별 5개 중 5개,20220701,,320.0,320.0,320.0,4.0
,괜찬습니다 괜찬습니다,구매 고객 평점 별 5개 중 5개,20220701,,321.0,321.0,321.0,0.0
,애들이 맛있게 잘먹고 있어요,구매 고객 평점 별 5개 중 5개,20220630,,322.0,322.0,324.0,4.5
,맛있어요 아이들이 매우 좋아합니다,구매 고객 평점 별 5개 중 5개,20220630,,323.0,323.0,325.0,0.0
,맛있게 먹었어요~ 최고에요~,구매 고객 평점 별 5개 중 5개,20220630,,324.0,324.0,322.0,5.0
,"맛있어요,아이가 좋아해요",구매 고객 평점 별 5개 중 5개,20220630,,325.0,325.0,323.0,0.0
,우유는 무거운데 쓱배송하니 좋아요,구매 고객 평점 별 5개 중 5개,20220629,,326.0,326.0,326.0,0.0
,가격이 매우 저렴하네여 맛있어요~~,구매 고객 평점 별 5개 중 5개,20220629,,327.0,327.0,327.0,0.0
,검은콩 우유 맛잇어요.,구매 고객 평점 별 5개 중 5개,20220629,,328.0,328.0,328.0,0.0
,고소하고 맛있었습니다.,구매 고객 평점 별 5개 중 5개,20220629,,329.0,329.0,329.0,0.0
,저렴한 가격에 잘 샀어요,구매 고객 평점 별 5개 중 5개,20220629,,330.0,330.0,330.0,4.0
,고소하니 너무 맛있어요!,구매 고객 평점 별 5개 중 5개,20220629,,331.0,331.0,331.0,0.0
,처음 주문해봤는데 너무 달아요!!,구매 고객 평점 별 5개 중 5개,20220628,,332.0,332.0,332.0,0.0
,콩우유 아이들이 좋아해요,구매 고객 평점 별 5개 중 5개,20220628,,333.0,333.0,333.0,0.0
,고소하고 담백해요 맛있어요,구매 고객 평점 별 5개 중 5개,20220628,,334.0,334.0,334.0,0.0
,달달하니 고소하고 맛있어요 우리가족 최애우유입니다,구매 고객 평점 별 5개 중 5개,20220628,,335.0,335.0,335.0,0.0
,고소하고 맛있어요~자주 사서 먹는 검은콩우유 입니다^^,구매 고객 평점 별 5개 중 5개,20220627,,336.0,336.0,336.0,4.0
,검은 콩 우유 고소하고 달달하니 맛나요,구매 고객 평점 별 5개 중 3개,20220626,,337.0,337.0,338.0,0.0
,아들이 좋아해서 자주 주문합니다,구매 고객 평점 별 5개 중 5개,20220626,,338.0,338.0,337.0,0.0
,맛있어서 가끔 사먹어요,구매 고객 평점 별 5개 중 5개,20220625,,339.0,339.0,339.0,0.0
,고민없이 주문하는 제품.  주문후 후회는 1도 없음,구매 고객 평점 별 5개 중 5개,20220625,,340.0,340.0,340.0,1.0
,이것만 먹게 되네요 최고입니다.,구매 고객 평점 별 5개 중 5개,20220623,,341.0,341.0,341.0,5.0
,마감행사시 30프로 할인하면 꼭사요,구매 고객 평점 별 5개 중 5개,20220623,,342.0,342.0,342.0,4.0
,[푸르밀] 검은콩 우유 900ml 맛있어요!!,구매 고객 평점 별 5개 중 4개,20220623,,343.0,343.0,343.0,0.0
,달아요 맛있게 잘 먹었어요 안전하게 배송됐어요,구매 고객 평점 별 5개 중 5개,20220620,,344.0,344.0,344.0,4.5
,달달고소하니 맛잇네요 아이도 잘 먹어요,구매 고객 평점 별 5개 중 5개,20220620,,345.0,345.0,345.0,4.0
,잘받았습니다 감사합니다,구매 고객 평점 별 5개 중 5개,20220620,,346.0,346.0,346.0,4.0
,잘받았습니다. 수고하세요.,구매 고객 평점 별 5개 중 5개,20220620,,347.0,347.0,347.0,4.0
,저렴할때 마니 쟁여둡니다 좋아요~,구매 고객 평점 별 5개 중 5개,20220619,,348.0,348.0,348.0,0.0
,"검은콩우유
우유의 고소함과
검은콩의 건강함이 
음료 중 최고입니다",구매 고객 평점 별 5개 중 5개,20220619,,349.0,349.0,349.0,5.0
,행사할때마다 구입해요 금방먹네요,구매 고객 평점 별 5개 중 4개,20220619,,350.0,350.0,350.0,0.0
,[푸르밀] 검은콩 우유 900ml,구매 고객 평점 별 5개 중 5개,20220619,,351.0,351.0,351.0,0.0
,검은콩 우유 900ml,구매 고객 평점 별 5개 중 5개,20220619,,352.0,352.0,352.0,0.0
,굿굿식사대용편리합니다,구매 고객 평점 별 5개 중 5개,20220618,,353.0,353.0,354.0,0.0
,고소하고 달달하고 너무 맛있어요,구매 고객 평점 별 5개 중 5개,20220618,,354.0,354.0,353.0,0.0
,최고의 가성비좋은 물건인거같네요,구매 고객 평점 별 5개 중 4개,20220617,,355.0,355.0,355.0,5.0
,"너무 맛있어요 잘먹었습니다.
거믄콩 조아",구매 고객 평점 별 5개 중 5개,20220617,,356.0,356.0,356.0,4.0
,"너무 맛있어요 잘먹었습니다.
계속 시켜먹을거에요",구매 고객 평점 별 5개 중 5개,20220617,,357.0,357.0,357.0,4.0
,맛있어요. 고소하고 좋은데 좀 많이 달아서 아쉽,구매 고객 평점 별 5개 중 5개,20220617,,358.0,358.0,358.0,0.0
,동네에서 살수 없어 구매하니 좋아요,구매 고객 평점 별 5개 중 5개,20220617,,359.0,359.0,359.0,0.0
,언제나 저렴하게 잘 주문 해요,구매 고객 평점 별 5개 중 5개,20220616,,360.0,360.0,360.0,2.5
,늘 구매하는 제품이에요,구매 고객 평점 별 5개 중 5개,20220616,,361.0,361.0,361.0,0.0
,세일할때 사서 저렴하게 잘 샀어요. 근데 쫌 달아요,구매 고객 평점 별 5개 중 5개,20220616,,362.0,362.0,362.0,4.0
,"고소한 검은콩 우유
흰우유랑 같이있으면
이것부터 먹어치움 아그들이",구매 고객 평점 별 5개 중 4개,20220615,,363.0,363.0,363.0,0.0
,가끔 우유 두유 질릴때 먹으면 맛나요,구매 고객 평점 별 5개 중 5개,20220615,,364.0,364.0,364.0,0.0
,자주 이용하겠습니다,구매 고객 평점 별 5개 중 5개,20220614,,365.0,365.0,365.0,0.0
,검은 머리 유지를 위해 사 먹습니다,구매 고객 평점 별 5개 중 1개,20220614,,366.0,366.0,366.0,0.0
,검은콩 우유 진하고 맛있어요,구매 고객 평점 별 5개 중 5개,20220613,,367.0,367.0,369.0,0.0
,검은콩 우유 진하고 달콤해요,구매 고객 평점 별 5개 중 5개,20220613,,368.0,368.0,370.0,0.0
,맛있어요 아기가 잘먹어서 구매햇어요,구매 고객 평점 별 5개 중 5개,20220613,,369.0,369.0,367.0,4.0
,"구매날짜 22년 4월25일
유통기한 22년 5월4일",구매 고객 평점 별 5개 중 5개,20220613,,370.0,370.0,368.0,0.0
,배송도 빠르고 저렴하게 잘 샀습니다!,구매 고객 평점 별 5개 중 5개,20220612,,371.0,371.0,371.0,4.0
,가성비좋은거같아요옹,구매 고객 평점 별 5개 중 5개,20220611,,372.0,372.0,372.0,5.0
,좋은제품 잘 받았습니다.,구매 고객 평점 별 5개 중 5개,20220611,,373.0,373.0,373.0,4.5
,아들들이 넘 맛있게먹어요,구매 고객 평점 별 5개 중 5개,20220610,,374.0,374.0,374.0,5.0
,늘 그매하는상품입니다,구매 고객 평점 별 5개 중 5개,20220610,,375.0,375.0,375.0,0.0
,늘맛있게재구매합니다~^^,구매 고객 평점 별 5개 중 4개,20220609,,376.0,376.0,376.0,5.0
,늘맛있게재구매합니다~^^,구매 고객 평점 별 5개 중 5개,20220609,,377.0,377.0,377.0,5.0
,안전하게잘도착?어요,구매 고객 평점 별 5개 중 5개,20220608,,378.0,378.0,381.0,0.0
,배송도 빠르고 아주 좋아요!,구매 고객 평점 별 5개 중 5개,20220608,,379.0,379.0,383.0,0.0
,생각나서 주문했습니다,구매 고객 평점 별 5개 중 5개,20220608,,380.0,380.0,382.0,0.0
,다른 검정콩우유보다 맛도 진하고 가격도 좋아요,구매 고객 평점 별 5개 중 5개,20220608,,381.0,381.0,384.0,0.0
,이 가격에 이 품질이면 대박,구매 고객 평점 별 5개 중 5개,20220608,,382.0,382.0,380.0,0.0
,이 가격에 이 품질이면 대박,구매 고객 평점 별 5개 중 5개,20220608,,383.0,383.0,379.0,0.0
,싸게 잘 샀어요!!,구매 고객 평점 별 5개 중 5개,20220608,,384.0,384.0,378.0,4.0
,"달콤고소한 우유 
검은콩 우유 맛나요",구매 고객 평점 별 5개 중 5개,20220607,,385.0,385.0,385.0,0.0
,항상 구매하고 있습니다. 제 입맛에는 잘 맞아요.,구매 고객 평점 별 5개 중 5개,20220607,,386.0,386.0,386.0,4.0
,검은콩우유 달달하니 맛있어요,구매 고객 평점 별 5개 중 5개,20220607,,387.0,387.0,387.0,0.0
,단 맛이 좀 있는데 맛있어요.,구매 고객 평점 별 5개 중 5개,20220607,,388.0,388.0,388.0,0.0
,좋아요좋아요좋습니다,구매 고객 평점 별 5개 중 5개,20220607,,389.0,389.0,389.0,0.0
,좋아하는 우유라 맛있어요,구매 고객 평점 별 5개 중 5개,20220607,,390.0,390.0,390.0,5.0
,집에서 편하게 받으니 좋네요,구매 고객 평점 별 5개 중 5개,20220607,,391.0,391.0,391.0,5.0
,"할인 끝나서 아쉽네요
너무 맛있어요",구매 고객 평점 별 5개 중 5개,20220606,,392.0,392.0,392.0,4.0
,아주 좋아요 항상 구매합니다,구매 고객 평점 별 5개 중 5개,20220606,,393.0,393.0,393.0,0.0
,검은콩이 들어가서인지  살짝  걸죽하고  고소해요,구매 고객 평점 별 5개 중 4개,20220605,,394.0,394.0,398.0,0.0
,달달하고고소한우유맛,구매 고객 평점 별 5개 중 4개,20220605,,395.0,395.0,401.0,0.0
,고소하고 맛있어요 굿입니다,구매 고객 평점 별 5개 중 5개,20220605,,396.0,396.0,400.0,0.0
,진하고 고소한 맛이 좋아서 가끔 구매하는 상품이예요.,구매 고객 평점 별 5개 중 5개,20220605,,397.0,397.0,399.0,5.0
,달달한 우유맛도 좋네요,구매 고객 평점 별 5개 중 5개,20220605,,398.0,398.0,397.0,0.0
,고소하고 맛있어요 많이 달지 않아요,구매 고객 평점 별 5개 중 5개,20220605,,399.0,399.0,394.0,0.0
,맛있어요 최고최고 배고플 때 딱,구매 고객 평점 별 5개 중 5개,20220605,,400.0,400.0,395.0,5.0
,맛있어요 예전 맛 그대로예요,구매 고객 평점 별 5개 중 5개,20220605,,401.0,401.0,396.0,0.0
,늘 챙겨먹는 맛있는 검은콩 우유 !,구매 고객 평점 별 5개 중 5개,20220604,,402.0,402.0,402.0,5.0
,항상 신세지고있는 제품입니다.. ㅎㅎ^^,구매 고객 평점 별 5개 중 5개,20220603,,403.0,403.0,403.0,4.0
,항상 주문하는 거예요!,구매 고객 평점 별 5개 중 5개,20220603,,404.0,404.0,404.0,0.0
,약간 밍밍한 검은콩 우유에요,구매 고객 평점 별 5개 중 4개,20220603,,405.0,405.0,405.0,0.0
,고소해서 좋아요~^^,구매 고객 평점 별 5개 중 4개,20220603,,406.0,406.0,406.0,0.0
,안전하게잘도착했어요,구매 고객 평점 별 5개 중 5개,20220603,,407.0,407.0,407.0,0.0
,흰우유중간에 가끔씩,구매 고객 평점 별 5개 중 5개,20220602,,408.0,408.0,414.0,0.0
,좋은상품잘삿습니다.,구매 고객 평점 별 5개 중 5개,20220602,,409.0,409.0,418.0,4.5
,"개인적으로 너무 달다 생각합니다.
그냥 우유가 더 좋겠습니다.",구매 고객 평점 별 5개 중 4개,20220602,,410.0,410.0,417.0,0.0
,아주 많이 달아요 참고하세요,구매 고객 평점 별 5개 중 4개,20220602,,411.0,411.0,416.0,0.0
,꼬소하고 맛나는 먹을만한,구매 고객 평점 별 5개 중 5개,20220602,,412.0,412.0,415.0,0.0
,맛있어요 매번 사먹는 거예요,구매 고객 평점 별 5개 중 5개,20220602,,413.0,413.0,412.0,0.0
,검은콩 우유 젤 좋아요,구매 고객 평점 별 5개 중 5개,20220602,,414.0,414.0,413.0,0.0
,맛있어요 매번 사먹는 거예요,구매 고객 평점 별 5개 중 5개,20220602,,415.0,415.0,411.0,0.0
,행사로 잘 샀어요 아이가 좋아하는 우유 입니다,구매 고객 평점 별 5개 중 5개,20220602,,416.0,416.0,409.0,4.5
,쓰던 제품이예요 잘 쓸께여~~늘 쓰던 제품이예요 잘 쓸께여~~늘 쓰던 제품이예요 잘 쓸께여~~늘 쓰던 제품이예요 잘 쓸께여~~늘 쓰던 제품이예요 잘 쓸께여~~늘 쓰던 제품이예요 잘 쓸께여~~늘 쓰던 제품이예요 잘 쓸께여~~늘 쓰던 제품이예요 잘 쓸께여~~늘 쓰던 제품이예요 잘 쓸께여~~늘 쓰던 제품이예요 잘 쓸께여~~늘 쓰던 제품이예요 잘 쓸께여~~늘 쓰던 제품이예요 잘 쓸께여~~늘 쓰던 제품이예요 잘 쓸께여~~늘 쓰던 제품이예요 잘 쓸께여,구매 고객 평점 별 5개 중 5개,20220602,,417.0,417.0,408.0,4.0
,검은콩 우유 조금 달달한데 가끔 먹고싶어서 구매,구매 고객 평점 별 5개 중 5개,20220602,,418.0,418.0,410.0,0.0
,냉장식품을이 신선하게 배송왔어요,구매 고객 평점 별 5개 중 5개,20220601,,419.0,419.0,428.0,0.0
,궁금해서 주문했는데 아주 좋습니다.,구매 고객 평점 별 5개 중 5개,20220601,,420.0,420.0,427.0,0.0
,너무 단맛만 나서 아쉬웠어요,구매 고객 평점 별 5개 중 3개,20220601,,421.0,421.0,425.0,0.0
,항상 쟁이는 제품이에요~~,구매 고객 평점 별 5개 중 4개,20220601,,422.0,422.0,429.0,0.0
,괜찬습니다 괜찬습니다,구매 고객 평점 별 5개 중 5개,20220601,,423.0,423.0,431.0,0.0
,잘 받았습니다. 잘 받았습니다. 잘 받았습니다,구매 고객 평점 별 5개 중 5개,20220601,,424.0,424.0,426.0,4.0
,저렴한 가격에 잘 샀어요,구매 고객 평점 별 5개 중 5개,20220601,,425.0,425.0,430.0,4.0
,배송 기사님께 감사드립니다.,구매 고객 평점 별 5개 중 4개,20220601,,426.0,426.0,424.0,5.0
,"동네 마트에선 구입할 수가 없는데 쓱으로 받을수 있어
너무 좋아요",구매 고객 평점 별 5개 중 5개,20220601,,427.0,427.0,422.0,0.0
,두유랑 다르게 먹기 편안하고 달달해요~,구매 고객 평점 별 5개 중 5개,20220601,,428.0,428.0,421.0,5.0
,제일 좋아하는 우유에요,구매 고객 평점 별 5개 중 5개,20220601,,429.0,429.0,420.0,5.0
,저렴하고 먹기 좋아요,구매 고객 평점 별 5개 중 3개,20220601,,430.0,430.0,419.0,0.0
,배송 제대로 왔고 상품 괜찮네요 ~ !,구매 고객 평점 별 5개 중 3개,20220601,,431.0,431.0,423.0,4.0
,달달하니 맛나유 ㅋㅋ하루면 다 먹음,구매 고객 평점 별 5개 중 5개,20220531,,432.0,432.0,432.0,0.0
,감사합니다 잘먹었어요~,구매 고객 평점 별 5개 중 5개,20220531,,433.0,433.0,433.0,4.0
,감사합니다 잘먹었어요~,구매 고객 평점 별 5개 중 5개,20220531,,434.0,434.0,434.0,4.0
,요즘에 배달 음식을 끊고 뱃살도 조금 빼려고 검은콩 우유 진짜 많이 사먹고 있어요 저녁에 맨날 치킨 피자 이런 거 먹다가 라면 또 먹다가 다 끊고 우유 1잔 마시고 자니깐 다음날 붓기도 덜하고 배도 안 고프고 든든하고 영양도 생각할 수 있어서 너무 너무 좋아요 이게 많이 달지도 않고 적당히 달고 걸쭉하고 약간 미숫가루 맛도 나고 저는 개인적으로 콩을 너무 좋아해서 두부랑 콩 음식 진짜 좋아하는데 이걸로 대체할 수 있어서 너무 편해요 아침에도 먹기 편하고 회사 늦을 때도 그냥 통째로 한 개 다 들고 마셔도 좋더라구요 이,구매 고객 평점 별 5개 중 5개,20220531,,435.0,435.0,435.0,3.5
,괜찮습니다괜찮습니다ㅈ,구매 고객 평점 별 5개 중 5개,20220530,,436.0,436.0,436.0,0.0
,괜찮습니다괜찮습니다,구매 고객 평점 별 5개 중 5개,20220530,,437.0,437.0,437.0,0.0
,괜찮습니다괜찮습니다,구매 고객 평점 별 5개 중 5개,20220530,,438.0,438.0,438.0,0.0
,검은콩우유가 넘 달달하네요,구매 고객 평점 별 5개 중 5개,20220529,,439.0,439.0,441.0,0.0
,맛있어요 아침에 한잔 먹고 가면 든든 해요,구매 고객 평점 별 5개 중 5개,20220529,,440.0,440.0,442.0,1.0
,제가 좋아하는 맛이에요. 맛있어요.,구매 고객 평점 별 5개 중 5개,20220529,,441.0,441.0,440.0,5.0
,검은콩 우유 잘샀어요,구매 고객 평점 별 5개 중 5개,20220529,,442.0,442.0,439.0,4.0
,검은콩우유 농도가 좀 약하네요,구매 고객 평점 별 5개 중 5개,20220528,,443.0,443.0,443.0,0.0
,달달하니 고소하고 맛있네요 가격도 저렴해 졌어요,구매 고객 평점 별 5개 중 5개,20220528,,444.0,444.0,444.0,0.0
,맛있어요 자주시킵니다,구매 고객 평점 별 5개 중 5개,20220528,,445.0,445.0,445.0,0.0
,고숩고 달달한 우유,구매 고객 평점 별 5개 중 5개,20220528,,446.0,446.0,446.0,0.0
,우유가 진하고 맛있어요~,구매 고객 평점 별 5개 중 5개,20220527,,447.0,447.0,448.0,0.0
,최고에요.감사합니다,구매 고객 평점 별 5개 중 5개,20220527,,448.0,448.0,449.0,5.0
,마시면 마실수록 건강해지는 느낌입니다.,구매 고객 평점 별 5개 중 5개,20220527,,449.0,449.0,447.0,0.0
,조금만 덜 달면 좋겠어요,구매 고객 평점 별 5개 중 5개,20220526,,450.0,450.0,450.0,0.0
,가격이 이렇게 저렴한줄 몰랐는데 오랜만에 구매해서 먹어보니 맛있네요,구매 고객 평점 별 5개 중 5개,20220526,,451.0,451.0,451.0,0.0
,자주 구매하는 상품입니다.,구매 고객 평점 별 5개 중 5개,20220526,,452.0,452.0,452.0,0.0
,저렴하게 잘 구입했어요 좋아요,구매 고객 평점 별 5개 중 5개,20220525,,453.0,453.0,453.0,4.0
,저렴하게 잘 구입했어요 좋아요,구매 고객 평점 별 5개 중 5개,20220525,,454.0,454.0,454.0,4.0
,저렴하고 아주 맛있어요,구매 고객 평점 별 5개 중 5개,20220525,,455.0,455.0,455.0,0.0
,맛있어요 맛있어요 맛있어요,구매 고객 평점 별 5개 중 5개,20220525,,456.0,456.0,456.0,0.0
,가격이 매우 저렴하네여 맛있어여~~~,구매 고객 평점 별 5개 중 5개,20220524,,457.0,457.0,459.0,0.0
,고소하고 맛있어서 금방 다 먹네요.,구매 고객 평점 별 5개 중 5개,20220524,,458.0,458.0,458.0,0.0
,푸르밀제품 좋아라하진 않는데 이우유는 달짝지근한게 맛있어서 가끔 사먹습니다  근데 계속 먹다보면 너무단거같아서 가끔 먹습니다,구매 고객 평점 별 5개 중 5개,20220524,,459.0,459.0,457.0,0.0
,검은콩우유 너무맛있어요ㅎㅎ,구매 고객 평점 별 5개 중 5개,20220523,,460.0,460.0,461.0,4.0
,잘받았어요 좋아요 좋아요,구매 고객 평점 별 5개 중 5개,20220523,,461.0,461.0,462.0,4.0
,항상 맛있게 먹고 있어요,구매 고객 평점 별 5개 중 5개,20220523,,462.0,462.0,460.0,5.0
,배송도 뻐르고 상?도 좋아요,구매 고객 평점 별 5개 중 5개,20220522,,463.0,463.0,463.0,0.0
,너무 맛있었어요!! 또 시킬겁니당,구매 고객 평점 별 5개 중 5개,20220522,,464.0,464.0,464.0,0.0
,배송빠르고 좋아요.,구매 고객 평점 별 5개 중 5개,20220522,,465.0,465.0,465.0,0.0
,[푸르밀] 검은콩 우유 900ml 좋아요~,구매 고객 평점 별 5개 중 5개,20220521,,466.0,466.0,469.0,0.0
,맛있어서 재구매 예정이에요^^,구매 고객 평점 별 5개 중 5개,20220521,,467.0,467.0,470.0,4.0
,9살아들이 너무 좋아해요~ 좀 달지만 가끔 사주고 있어요,구매 고객 평점 별 5개 중 5개,20220521,,468.0,468.0,467.0,0.0
,배송도 빠르고 좋아요 상품들도,구매 고객 평점 별 5개 중 5개,20220521,,469.0,469.0,468.0,0.0
,배송도 빠르고 좋습니다.,구매 고객 평점 별 5개 중 5개,20220521,,470.0,470.0,466.0,0.0
,간식으로 너무 좋아요,구매 고객 평점 별 5개 중 5개,20220520,,471.0,471.0,471.0,0.0
,항상 애용하는 상품이에요~^^ 추천합니다!,구매 고객 평점 별 5개 중 5개,20220520,,472.0,472.0,472.0,0.0
,좋아요~맛있어요^^,구매 고객 평점 별 5개 중 5개,20220520,,473.0,473.0,473.0,4.0
,검은콩 함량 콩만함,구매 고객 평점 별 5개 중 5개,20220519,,474.0,474.0,477.0,0.0
,잘샀씁니다. 배송속도도 굿,구매 고객 평점 별 5개 중 5개,20220519,,475.0,475.0,478.0,4.0
,맛있게 잘먹었습니다,구매 고객 평점 별 5개 중 5개,20220519,,476.0,476.0,474.0,4.5
,아주 좋아요 항상 애용하고 있어요 ㅎㅎㅎ 감사합니다.,구매 고객 평점 별 5개 중 5개,20220519,,477.0,477.0,476.0,0.0
,역시나 맛있어요!  요즘 잘안보이는데 이마트엔 있네요,구매 고객 평점 별 5개 중 5개,20220519,,478.0,478.0,475.0,4.0
,배송 빠르고 좋아요,구매 고객 평점 별 5개 중 5개,20220518,,479.0,479.0,479.0,0.0
,고소하고 맛있어요 ~~,구매 고객 평점 별 5개 중 5개,20220518,,480.0,480.0,480.0,0.0
,가격이 매우 저렴하네여 맛있어요~,구매 고객 평점 별 5개 중 5개,20220518,,481.0,481.0,481.0,0.0
,"좋아요 가성비도 너무좋고 최고네요 이런상품쓰게되서 넘좋아요 또사야겠어요 최고중에 최고다진짜
돈도절약되면서도 쓸수있다니요",구매 고객 평점 별 5개 중 5개,20220518,,482.0,482.0,482.0,5.0
,너무 달지 않고 아이가 좋아합니다,구매 고객 평점 별 5개 중 5개,20220517,,483.0,483.0,483.0,0.0
,좋아요~~잘받앗어요,구매 고객 평점 별 5개 중 5개,20220516,,484.0,484.0,484.0,4.0
,잘 먹고 있습니당ㅎ,구매 고객 평점 별 5개 중 5개,20220516,,485.0,485.0,485.0,4.0
,감사합니다 잘 받았습니다,구매 고객 평점 별 5개 중 5개,20220516,,486.0,486.0,486.0,4.0
,젤좋아하는 검은콩우유 맛나요,구매 고객 평점 별 5개 중 5개,20220516,,487.0,487.0,487.0,5.0
,어렸을때 좋아해서 올만에 삿는데 넘나맛딧는것,구매 고객 평점 별 5개 중 5개,20220515,,488.0,488.0,488.0,0.0
,"고소하고 맛나요
근데 조금만 덜 달면 좋겠어요",구매 고객 평점 별 5개 중 5개,20220515,,489.0,489.0,489.0,0.0
